DMLP,Dorchester Minerals LP
EEX,"Emerald Holding, Inc."
CNHI,CNH INDUSTRIAL N.V.
HMNF,HMN Financial Inc
HBNC,"Horizon Bancorp, Inc. Common Stock"
OXY,Occidental Petroleum Corporation
TER,"Teradyne, Inc. Common Stock"
UCBIO,"United Community Banks, Inc. Depositary Shares each representing 1/1,000th interest in a share of Series I Non-CumulativePreferred Stock"
BXC,BlueLinx Holdings Inc.
WBA,"Walgreens Boots Alliance, Inc"
VIRT,"Virtu Financial, Inc. Class A"
DIT,AMCON Distributing Co.
WW,"WW International, Inc. Common Stock"
AGNCL,"AGNC Investment Corp. Depositary Shares Each Representing a 1/1,000th Interest in a Share of 7.75% Series G Fixed-Rate Reset Cumulative Redeemable Preferred Stock"
BHE,Benchmark Electronics
WGO,"Winnebago Industries, Inc."
CRH,CRH Public Limited Company
RAND,Rand Capital Corp
ATR,"AptarGroup, Inc."
KOP,"Koppers Holdings, Inc."
SELF,"Global Self Storage, Inc. Common Stock"
PR,Permian Resources Corporation
KMB,Kimberly-Clark Corp.
GLP,Global Partners LP
AEE,Ameren Corporation
EURN,EURONAV NV
NOMD,Nomad Foods Limited
ALE,"ALLETE, Inc."
BBGI,Beasley Broadcasting Group Inc
OB,Outbrain Inc. Common Stock
COR,"Cencora, Inc."
OSK,Oshkosh Corp.
EPC,Edgewell Personal Care Company
MAC,The Macerich Company
PKST,Peakstone Realty Trust
LCUT,"Lifetime Brands, Inc."
CFFI,C&F Financial Corp
EVI,"EVI Industries, Inc."
SCHL,Scholastic Corp
LPG,DORIAN LPG LTD
SPTN,SpartanNash Company
PANL,Pangaea Logistics Solutions Ltd.
HR,Healthcare Realty Trust Incorporated
MFA,"MFA Financial, Inc"
ACNB,ACNB Corp
RY,Royal Bank of Canada
JBL,Jabil Inc.
TXT,"Textron, Inc."
CSGS,CSG Systems International
OCSL,Oaktree Specialty Lending Corporation
SNT,Senstar Technologies Corporation Common Shares
SCL,Stepan Co.
OPINL,Office Properties Income Trust 6.375% Senior Notes due 2050
OUT,OUTFRONT Media Inc.
PRU,"Prudential Financial, Inc."
KBH,KB Home
RBB,RBB Bancorp Common Stock
BOWL,Bowlero Corp.
CLCO,Cool Company Ltd.
AMTB,Amerant Bancorp Inc.
SRG,"Seritage Growth Properties Class A common shares of beneficial interest, par value $0.01"
ENR,"Energizer Holdings, Inc"
PKBK,Parke Bancorp Inc.
TD,Toronto Dominion Bank
SHW,The Sherwin-Williams Company
AROW,Arrow Financial Corp
TROW,T Rowe Price Group Inc
GMRE,Global Medical REIT Inc.
KNX,Knight-Swift Transportation Holdings Inc. Class A Common Stock
HOG,"Harley-Davidson, Inc."
NEXA,Nexa Resources S.A. Common Shares
PPG,"PPG Industries, Inc."
SLVM,Sylvamo Corporation
ATRI,Atrion Corp
AIT,"Applied Industrial Technologies, Inc."
GT,Goodyear Tire & Rubber
BELFB,Bel Fuse Inc
TATT,TAT Technologies Ltd
BEP,Brookfield Renewable Partners L.P.
PBI,Pitney Bowes Inc.
CBFV,"CB Financial Services, Inc. (PA)"
OR,Osisko Gold Royalties Ltd
OXLC,Oxford Lane Capital Corp.
ADT,ADT Inc.
SGA,"Saga Communications, Inc. Class A Common Stock (FL)"
MLR,"Miller Industries, Inc."
GBX,"The Greenbrier Companies, Inc."
III,"Information Services Group, Inc."
FERG,Ferguson plc
BGC,"BGC Group, Inc. Class A Common Stock"
HBCP,"Home Bancorp, Inc."
MCS,The Marcus Corporation
BOKF,BOK Financial Corp
OCCIN,"OFS Credit Company, Inc. 5.25% Series E Term Preferred Stock Due 2026"
GREEL,Greenidge Generation Holdings Inc. 8.50% Senior Notes due 2026
UNB,"Union Bankshares, Inc"
EXP,"Eagle Materials, Inc."
STEP,StepStone Group Inc. Class A Common Stock
CRI,Carter's Inc.
OWL,Blue Owl Capital Inc.
NOG,"Northern Oil and Gas, Inc."
CYN,Cyngn Inc. Common Stock
PHIN,PHINIA Inc.
NI,NiSource Inc.
MI,NFT Limited
CHRD,Chord Energy Corporation Common Stock
ATI,ATI Inc.
OLED,Universal Display Corp
REPX,"Riley Exploration Permian, Inc."
HOMB,"Home BancShares, Inc."
ADM,Archer Daniels Midland Company
SJW,SJW Group Common Stock
AMP,"Ameriprise Financial, Inc."
APAM,ARTISAN PARTNERS ASSET MANAGEMENT INC.
PINE,"Alpine Income Property Trust, Inc"
NATH,Nathan's Famous Inc
KBR,"KBR, Inc."
XYL,Xylem Inc
PHG,KONINKLIJKE PHILIPS  N.V.
BF.B,Brown-Forman Corporation Class B
NEM,Newmont Corporation
TMUS,"T-Mobile US, Inc."
SVM,Silvercorp Metals Inc. Common Shares
MFIN,Medallion Financial Corp
FLYX,"flyExclusive, Inc."
AMS,American Shared Hospital Services
GES,"Guess?, Inc."
G,GENPACT LIMITED
BRN,"Barnwell Industries, Inc."
UTMD,Utah Medical Products Inc
CPT,Camden Property Trust
GCBC,Greene County Bancorp Inc
SBLK,Star Bulk Carriers Corp.
SLG,SL Green Realty Corp.
WRK,WestRock Company
GME,GameStop Corp. Class A
CEPU,Central Puerto S.A. American Depositary Shares (each represents ten Common Shares)
GATX,GATX Corporation
KNOP,KNOT OFFSHORE PARTNERS LP
PEGA,Pegasystems Inc
CDW,CDW Corporation
GASS,"StealthGas, Inc."
OVV,Ovintiv Inc.
SLRC,SLR Investment Corp. Common Stock
LMAT,"LeMaitre Vascular, Inc."
PCB,PCB Bancorp Common Stock
PTMN,Portman Ridge Finance Corporation Common Stock
PTEN,Patterson-UTI Energy Inc
VICI,VICI Properties Inc. Common Stock
DUK,Duke Energy Corporation
QUAD,"QUAD/GRAPHICS, INC."
SHBI,Shore Bancshares Inc
CCAP,"Crescent Capital BDC, Inc. Common stock"
BKNG,Booking Holdings Inc. Common Stock
AMAL,Amalgamated Financial Corp. Common Stock (DE)
ARCC,Ares Capital Corporation
MGEE,MGE Energy Inc
CATC,CAMBRIDGE BANCORP
ENGN,enGene Holdings Inc. Common Stock
REXR,"REXFORD INDUSTRIAL REALTY, INC."
GHLD,Guild Holdings Company
CSX,CSX Corporation
ESS,"Essex Property Trust, Inc"
DOV,Dover Corporation
MSA,Mine Safety Incorporated
XOMAO,XOMA Corporation Depositary Shares Rep Series B 8.375% Cumulative Preferred Stock
BLKB,"Blackbaud, Inc."
DLNG,DYNAGAS LNG PARNERS LP
CVLG,"Covenant Logistics Group, Inc. Class A Common Stock"
MATW,Matthews International Corp
BRT,BRT Apartments Corp
GLBZ,Glen Burnie Bancorp
CHCO,City Holding Co
OSW,OneSpaWorld Holdings Limited Common Shares
BC,Brunswick Corporation
NCDL,Nuveen Churchill Direct Lending Corp
NFG,National Fuel Gas Co.
KDP,Keurig Dr Pepper Inc.
TRU,TransUnion
TNC,TENNANT COMPANY
CLX,Clorox Company
ALL,The Allstate Corporation
FPI,Farmland Partners Inc.
PSTL,"Postal Realty Trust, Inc"
CUBA,Herzfeld Caribbean Basin Fund
FNV,Franco-Nevada Corporation
TCBK,Trico Bancshares
IFF,International Flavors & Fragrances Inc.
FOX,Fox Corporation Class B Common Stock
AP,Ampco-Pittsburgh Corp.
OXLCO,"Oxford Lane Capital Corp. Preferred Stock Shares, 6.00% Series 2029"
FNWB,First Northwest Bancorp Common Stock
SXC,SUNCOKE ENERGY INC
BA,Boeing Company
RPM,"RPM International, Inc."
CUBE,CubeSmart
RMBI,"Richmond Mutual Bancorporation, Inc. Common Stock"
OGN,Organon & Co.
IBCP,Independent Bank Corp.
EPD,Enterprise Products Partners L.P.
SSP,The E.W. Scripps Company
OC,Owens Corning
BRKL,Brookline Bancorp Inc
MRTN,Marten Transport Ltd
LOCO,"El Pollo Loco Holdings, Inc."
IFIN,InFinT Acquisition Corporation
CVS,CVS HEALTH CORPORATION
BXP,"Boston Properties, Inc."
TEL,TE CONNECTIVITY LTD
FSBW,"FS Bancorp, Inc. Common Stock"
SYBT,"Stock Yards Bancorp, Inc."
FSTR,Foster (Lb) Co
TBNK,Territorial Bancorp Inc.
PRA,ProAssurance Corporation
CVGW,Calavo Growers Inc
DNUT,"Krispy Kreme, Inc. Common Stock"
JEF,Jefferies Financial Group Inc.
MTH,Meritage Homes Corporation
SAND,Sandstorm Gold Ltd
BRBS,"Blue Ridge Bankshares, Inc."
AMSWA,"American Software, Inc."
SLP,"Simulations Plus, Inc."
TGNA,TEGNA Inc.
FISI,Financial Institutions Inc
PRI,"PRIMERICA, INC."
AMH,AMERICAN HOMES 4 RENT
CBL,"CBL & Associates Properties, Inc."
PVH,PVH Corp.
TNP,Tsakos Energy Navigation Ltd.
LAMR,Lamar Advertising Co
LAD,"Lithia Motors, Inc."
RRBI,"Red River Bancshares, Inc. Common Stock"
DLA,Delta Apparel Inc.
CTO,"CTO Realty Growth, Inc."
PATK,Patrick Industries Inc
DK,"Delek US Holdings, Inc."
KMI,"Kinder Morgan, Inc."
AGR,"Avangrid, Inc."
CGNX,Cognex Corp
BKD,"Brookdale Senior Living, Inc."
FCAP,First Capital Inc
EBTC,Enterprise Bancorp Inc.
ASB,Associated Banc-Corp
JWN,"Nordstrom, Inc."
PFC,Premier Financial Corp. Common Stock
KVUE,Kenvue Inc.
MRO,Marathon Oil Corporation
SYK,Stryker Corporation
NDAQ,"Nasdaq, Inc. Common Stock"
FF,Future Fuel Corporation
FTAI,FTAI Aviation Ltd. Common Stock
BDL,Flanigan's Enterprises Inc
LWAY,Lifeway Foods Inc
TRMK,Trustmark Corp
ACTG,Acacia Research Corporation
SXT,Sensient Technology Corporation
SLS,"SELLAS Life Sciences Group, Inc. Common Stock"
SMBK,"SmartFinancial, Inc."
MMLP,Martin Midstream Partners LP
NTST,NetSTREIT Corp.
MTG,MGIC Investment Corp.
ICE,Intercontinental Exchange  Inc.
WD,"Walker & Dunlop, Inc."
AEO,American Eagle Outfitters
CIO,"CITY OFFICE REIT, INC."
FCFS,"FirstCash Holdings, Inc. Common Stock"
MXC,Mexco Energy Corporation
RELL,Richardson Electronics Ltd
CZWI,"Citizens Community Bancorp, Inc."
RES,"RPC, Inc."
WDFC,Wd-40 Co
WSC,WillScot Mobile Mini Holdings Corp. Class A Common Stock
FMBH,"First Mid Bancshares, Inc. Common Stock"
MVO,MV Oil Trust
AFG,"American Financial Group, Inc."
GLPI,"Gaming and Leisure Properties, Inc."
JVA,"Coffee Holding Co., Inc."
SCM,STELLUS CAPITAL INVESTMENT CORPORATION
AFCG,"AFC Gamma, Inc. Common Stock"
CDRE,"Cadre Holdings, Inc."
LPLA,LPL Financial Holdings Inc.
TTSH,"Tile Shop Holdings, Inc."
PX,"P10, Inc."
AGNC,AGNC Investment Corp. Common Stock
KINS,"Kingstone Companies, Inc."
KHC,The Kraft Heinz Company Common Stock
BHFAM,"Brighthouse Financial, Inc. Depositary shares each representing a 1/1,000th Interest in a Share of 4.625% Non-Cumulative Preferred Stock, Series D"
ABG,"Asbury Automotive Group, Inc."
CNS,Cohen & Steers Inc.
MLAB,Mesa Laboratories Inc
CCEP,Coca-Cola Europacific Partners plc Ordinary Shares
DBI,Designer Brands Inc.
MATX,"Matsons, Inc."
EA,Electronic Arts Inc
IIPR,"Innovative Industrial Properties, Inc. Common stock"
IRM,Iron Mountain Inc.
UMBF,UMB Financial Corp
AMAT,Applied Materials Inc
HUM,Humana Inc.
SKT,Tanger Inc.
NC,"NACCO Industries, Inc."
JBGS,JBG SMITH Properties Common Shares
UTL,Unitil Corporation
KLG,WK Kellogg Co
WTI,"W&T Offshore, Inc."
ALSN,"ALLISON TRANSMISSION HOLDINGS, INC."
CHW,Calamos Global Dynamic Income Fund
BCE,"BCE, Inc."
X,United States Steel Corporation
NWL,Newell Brands Inc.
WTTR,"Select Water Solutions, Inc."
CLPS,CLPS Incorporation Common Stock
AOS,A.O. Smith Corporation
NCMI,"National CineMedia, Inc."
EBC,"Eastern Bankshares, Inc. Common Stock"
LOW,Lowe's Companies Inc.
GFL,GFL Environmental Inc. Subordinate Voting Shares
KA,"Kineta, Inc. Common Stock"
WAFDP,"WaFd, Inc. Depositary Shares"
GIL,Gildan Activewear Inc.
ACA,"Arcosa, Inc. Common Stock"
COLD,"Americold Realty Trust, Inc."
EMR,Emerson Electric Co.
NWLI,"National Western Life Group, Inc. Class A"
RMCF,"Rocky Mountain Chocolate Factory, Inc. Common Stock"
JOUT,Johnson Outdoors Inc
TSE,Trinseo PLC
JAKK,Jakks Pacific Inc
AESI,Atlas Energy Solutions Inc.
ARCB,ArcBest Corporation
WIRE,Encore Wire Corp
GSM,Ferroglobe PLC Ordinary Shares
TWO,Two Harbors Investment Corp.
GNSS,Genasys Inc. Common Stock
AM,Antero Midstream Corporation Common Stock
CAR,"Avis Budget Group, Inc."
CAL,Caleres Inc
FCCO,First Community Corp
STBA,S&T Bancorp Inc
ONL,Orion Office REIT Inc.
FDS,Factset Research Systems
DHIL,Diamond Hill Investment Group
CGO,Calamos Global Total Return Fund
FULTP,"Fulton Financial Corporation Depositary Shares, Each Representing a 1/40th Interest in a Share of Fixed Rate Non-Cumulative Perpetual Preferred Stock, Series A"
OPBK,OP Bancorp Common Stock
VFC,V.F. Corporation
HESM,Hess Midstream LP Class A Share representing a limited partner Interest
NSSC,"Napco Security Technologies, Inc"
SKYW,Skywest Inc
MOFG,MidWestOne Financial Group
MARPS,Marine Petroleum Trust
DD,"DuPont de Nemours, Inc. Common Stock"
LANDO,Gladstone Land Corporation 6.00% Series B Cumulative Redeemable Preferred Stock
CMCT,Creative Media & Community Trust Corporation Common stock
TDW,"Tidewater, Inc."
J,Jacobs Solutions Inc.
ACIC,American Coastal Insurance Corporation Common Stock
ARTNA,Artesian Resources Corp
CGBD,"Carlyle Secured Lending, Inc. Common Stock"
IPG,"The Interpublic Group of Companies, Inc."
QCOM,Qualcomm Inc
WCC,Wesco International Inc.
CAG,"Conagra Brands, Inc."
MFICL,MidCap Financial Investment Corporation 8.00% Notes due 2028
CXW,"CoreCivic, Inc."
GPRK,GEOPARK LIMITED
DLX,Deluxe Corporation
ALC,Alcon Inc. Ordinary Shares
EHC,Encompass Health Corporation Common Stock
SVC,Service Properties Trust Common Stock
EQIX,"Equinix, Inc. Common Stock REIT"
SPR,"Spirit Aerosystems Holdings, Inc."
HLT,Hilton Worldwide Holdings Inc.
MOD,Modine Manufacturing Co
DHR,Danaher Corporation
MEI,Methode Electronics
PFS,"Provident Financial Services, Inc."
AMPY,Amplify Energy Corp.
EML,Eastern Company
AQN,Algonquin Power & Utilities Corp
KKR,KKR & Co. Inc.
TPL,Texas Pacific Land Corporation
JCI,Johnson Controls International plc
BYFC,Broadway Financial Corp/Del
FRT,Federal Realty Investment Trust
TK,Teekay Corporation
SNX,TD SYNNEX Corporation
EPAC,Enerpac Tool Group Corp.
OTTR,Otter Tail Corp
SPGI,S&P Global Inc.
VIR,"Vir Biotechnology, Inc. Common Stock"
WBS,Webster Financial Corporation Waterbury
PLPC,Preformed Line Products Co
PINC,"Premier, Inc. Class A"
VLO,Valero Energy Corporation
LFT,"Lument Finance Trust, Inc."
HTBK,Heritage Commerce Corp
STAG,"STAG INDUSTRIAL, INC."
IBM,International Business Machines Corporation
NATR,Nature's Sunshine Products Inc.
CBOE,"Cboe Global Markets, Inc."
DLR,"Digital Realty Trust, Inc."
BPYPN,"Brookfield Property Partners L.P. 5.750% Class A Cumulative Redeemable Perpetual Preferred Units, Series 3"
PWP,Perella Weinberg Partners Class A Common Stock
BBSI,Barrett Business Services
KW,"KENNEDY-WILSON HOLDINGS, INC."
CSWI,"CSW Industrials, Inc"
HLIO,"Helios Technologies, Inc."
ED,"Consolidated Edison, Inc."
DOLE,Dole plc
RFL,"Rafael Holdings, Inc. Class B Common Stock"
AOMR,"Angel Oak Mortgage REIT, Inc."
GHM,Graham Corporation
EIG,"Employers Holdings, Inc."
APO,"Apollo Global Management, Inc."
TCN,Tricon Residential Inc.
SO,The Southern Company
GAINL,Gladstone Investment Corporation 8.00% Notes due 2028
CSPI,CSP Inc.
OMF,"OneMain Holdings, Inc."
BHFAL,"Brighthouse Financial, Inc. 6.25% Junior Subordinated Debentures due 2058"
SBSI,Southside Bancshares Inc
PLCE,"Children's Place, Inc."
MCBS,METROCITY BANKSHARES INC
ISSC,Innovative Solutions & Support
MTB,M&T Bank Corp.
FAST,Fastenal Co
SIX,Six Flags Entertainment Corp.
YUM,"Yum! Brands, Inc."
GNTX,Gentex Corp
MRVL,"Marvell Technology, Inc. Common Stock"
BITE,Bite Acquisition Corp.
GFF,Griffon Corp
SHEN,Shenandoah Telecom Co
OLP,"One Liberty Properties, Inc."
OCCI,"OFS Credit Company, Inc. Common Stock"
BBU,Brookfield Business Partners L.P.Limited Partnership Units
EMP,"Entergy Mississippi, LLC First Mortgage Bonds, 4.90% Series due October 1, 2066"
BR,Broadridge Financial Solutions Inc
HTLF,"Heartland Financial USA, Inc."
REG,Regency Centers Corporation
PCG,PG&E Corporation
TSBK,Timberland Bancorp Inc
NSA,National Storage Affiliates Trust
SHIP,Seanergy Maritime Holdings Corp.
ESLT,Elbit Systems Ltd
IBTX,"Independent Bank Group, Inc."
PERI,Perion Network Ltd.
BAP,Credicorp LTD
CHE,Chemed Corporation
EQR,Equity Residential
DKS,"Dick's Sporting Goods, Inc."
ONB,Old National Bancorp
MGRC,Mcgrath Rentcorp
USAU,U.S. Gold Corp. Common Stock
WSFS,WSFS Financial Corp
CNXC,Concentrix Corporation Common Stock
RNR,RenaissanceRe Holdings Ltd.
BRSP,"BrightSpire Capital, Inc."
RDN,Radian Group Inc.
BJRI,"BJ's Restaurants, Inc."
AMC,"AMC ENTERTAINMENT HOLDINGS, INC."
PECO,"Phillips Edison & Company, Inc. Common Stock"
ESSA,"ESSA Bancorp, Inc."
AVT,"Avnet, Inc."
AEG,Aegon Ltd.
ARES,Ares Management Corporation Class A Common Stock
MDT,Medtronic plc
ANY,Sphere 3D Corp. Common Shares
GPRE,"Green Plains, Inc."
BRC,Brady Corporation
REYN,Reynolds Consumer Products Inc. Common Stock
SHYF,"The Shyft Group, Inc. Common Stock"
COP,ConocoPhillips
CHDN,Churchill Downs Inc
EPRT,"Essential Properties Realty Trust, Inc."
OXSQ,Oxford Square Capital Corp.
OBT,"Orange County Bancorp, Inc. Common Stock"
CDLX,"Cardlytics, Inc. Common Stock"
LBRT,Liberty Energy Inc.
BSET,Bassett Furniture Industries I
AHH,"Armada Hoffler Properties, Inc."
MNRO,"Monro, Inc. Common Stock"
RMAX,"RE/MAX HOLDINGS, INC."
CLDT,CHATHAM LODGING TRUST
NMRK,"Newmark Group, Inc. Class A Common Stock"
FSS,Federal Signal Corp.
EWBC,East-West Bancorp Inc
PAHC,Phibro Animal Health Corporation Class A
BPYPM,"Brookfield Property Partners L.P. 6.25% Class A Cumulative Redeemable Preferred Units, Series 1"
CLF,Cleveland-Cliffs Inc.
AMWD,American Woodmark Corp
HWM,Howmet Aerospace Inc.
DXC,DXC Technology Company
URI,"United Rentals, Inc."
IIIN,"Insteel Industries, Inc."
EXC,Exelon Corporation
LZ,"LegalZoom.com, Inc. Common Stock"
SAR,SARATOGA INVESTMENT CORP. NEW
SSBI,Summit State Bank
HUBG,HUB Group Inc
AHT,"Ashford Hospitality Trust, Inc."
AE,Adams Resources & Energy Inc.
INTU,Intuit Inc
RYAM,Rayonier Advanced Materials Inc.
BCPC,Balchem Corporation
NX,Quanex Building Products Corporation
NUS,"NuSkin Enterprises, Inc."
OXLCZ,Oxford Lane Capital Corp. 5.00% Notes due 2027
BALL,Ball Corporation
EFSC,Enterprise Financial Services Corporation
BKE,"The Buckle, Inc."
BNS,Bank of Nova Scotia
HTH,HILLTOP HOLDINGS INC.
REVG,"REV Group, Inc."
PLL,Piedmont Lithium Inc. Common Stock
GS,Goldman Sachs Group Inc.
EGP,EastGroup Properties Inc.
LRFC,Logan Ridge Finance Corporation Common Stock
NE,Noble Corporation plc
DOW,Dow Inc.
BWA,BorgWarner Inc.
RHP,"Ryman Hospitality Properties, Inc"
PB,Prosperity Bancshares Inc
EMN,Eastman Chemical Company
WMK,"Weis Markets, Inc."
ESP,Espey Mfg. & Electronics Corp
SFBS,ServisFirst Bancshares Inc.
NFE,New Fortress Energy Inc. Class A Common Stock
VZ,Verizon Communications
ALRS,Alerus Financial Corporation Common Stock
SFNC,Simmons First National Corp
TSN,"Tyson Foods, Inc."
CCBG,Capital City Bank Group Inc
ABCB,Ameris Bancorp
HOUS,Anywhere Real Estate Inc.
JHG,Janus Henderson Group plc Ordinary Shares
WAFD,"WaFd, Inc. Common Stock"
HAFC,Hanmi Financial Corp
MCHX,"Marchex, Inc. Class B"
AUDC,AudioCodes Ltd
LZB,La-Z-Boy Incorporated
AES,AES Corporation
WST,"West Pharmaceutical Services, Inc."
CSV,"Carriage Services, Inc."
FNWD,Finward Bancorp Common Stock
KEQU,Kewaunee Scientific Corp
BWXT,"BWX Technologies, Inc."
BSRR,Sierra Bancorp
L,Loews Corporation
HAS,"Hasbro, Inc."
ODFL,Old Dominion Freight Line
RJF,"Raymond James Financial, Inc."
XP,XP Inc. Class A Common Stock
KELYB,Kelly Services Inc
FFNW,"First Financial Northwest, Inc"
CSSEN,"Chicken Soup for the Soul Entertainment, Inc. 9.50% Notes due 2025"
LDOS,"Leidos Holdings, Inc."
RCL,Royal Caribbean Group
GMM,Global Mofy Metaerse Limited Ordinary Shares
RMR,The RMR Group Inc. Class A Common Stock
SLB,Schlumberger Limited
SPI,"SPI Energy Co., Ltd. Ordinary Shares"
SSSS,SuRo Capital Corp. Common Stock
NVEC,NVE Corp
IBP,"INSTALLED BUILDING PRODUCTS, INC."
CVEO,Civeo Corporation
TFPM,Triple Flag Precious Metals Corp.
TEX,Terex Corporation
TSRI,TSR Inc. New
TSLX,"Sixth Street Specialty Lending, Inc."
FRO,Frontline Plc
KRG,Kite Realty Group Trust
ORCL,Oracle Corp
WNEB,"Western New England Bancorp, Inc."
FFWM,First Foundation Inc.
VNT,Vontier Corporation
ARIS,"Aris Water Solutions, Inc."
FUND,"Sprott Focus Trust, Inc."
IVZ,Invesco LTD
WING,Wingstop Inc
DHI,D.R. Horton Inc.
UMH,"UMH Properties, Inc."
DSX,"Diana Shipping, Inc."
SSB,SouthState Corporation
DXR,Daxor Corporation Common Stock
AEM,Agnico Eagle Mines Ltd.
EU,enCore Energy Corp.
CMC,Commercial Metals Company
BGSF,"BGSF, Inc."
EGY,"Vaalco Energy, Inc."
BRDG,Bridge Investment Group Holdings Inc.
HUN,Huntsman Corporation
HBANL,"Huntington Bancshares Incorporated Depositary Shares, Each Representing a 1/40th Interest in a Share of 6.875% Series J Non-Cumulative Perpetual Preferred Stock"
SPG,"Simon Property Group, Inc."
CFR,Cullen/Frost Bankers Inc.
IBOC,International Bancshares Corp
AAT,"AMERICAN ASSETS TRUST, INC."
JMSB,"John Marshall Bancorp, Inc. Common Stock"
CRC,California Resources Corporation
ASIX,AdvanSix Inc.
TCBS,"Texas Community Bancshares, Inc. Common Stock"
MFC,Manulife Financial Corp.
NNI,"Nelnet, Inc. Class A"
WINA,Winmark Corp
ARCO,ARCOS DORADOS HOLDINGS INC.
SJM,The J.M. Smucker Company
BWFG,Bankwell Financial Group Inc
JOE,St. Joe Company
CASH,"Pathward Financial, Inc. Common Stock"
THG,"The Hanover Insurance Group, Inc."
HONE,"HarborOne Bancorp, Inc. Common Stock"
GNE,GENIE ENERGY LTD
KLAC,KLA Corporation Common Stock
GTY,Getty Realty Corp.
EXPE,"Expedia Group, Inc. Common Stock"
HMST,"HomeStreet, Inc."
CWT,California Water Service
CCNE,CNB Financial Corp/PA
UI,Ubiquiti Inc. Common Stock
FITBO,"Fifth Third Bancorp Depositary Shares each representing a 1/1000th ownership interest in a share of Non-Cumulative Perpetual Preferred Stock, Series K"
LCII,LCI Industries
GEHC,GE HealthCare Technologies Inc. Common Stock
APA,APA Corporation Common Stock
ELME,Elme Communities
IP,International Paper Co.
EVTC,"EVERTEC, INC."
HCC,"Warrior Met Coal, Inc."
HIFS,Hingham Institution for Saving
MORN,"Morningstar, Inc."
CL,Colgate-Palmolive Company
METC,"Ramaco Resources, Inc. Class A Common Stock"
OXSQG,Oxford Square Capital Corp. 5.50% Notes due 2028
WTW,Willis Towers Watson Public Limited Company Ordinary Shares
SPB,"Spectrum Brands Holdings, Inc."
AGRO,ADECOAGRO S.A.
FICO,Fair Isaac Corporation
WHD,"Cactus, Inc."
NDSN,Nordson Corp
FDX,FedEx Corporation
WTFC,Wintrust Financial Corp
CMCO,Columbus McKinnon Corp/NY
STRR,"Star Equity Holdings, Inc. Common Stock"
VRSK,"Verisk Analytics, Inc. Common Stock"
HP,"Helmerich & Payne, Inc."
MET,"MetLife, Inc."
NTRS,Northern Trust Corp
VHC,VirnetX Holding Corporation
FIBK,"First Interstate BancSystem, Inc. Common Stock (DE)"
MHO,"M/I Homes, Inc."
NXL,"Nexalin Technology, Inc. Common Stock"
VBFC,Village Bank and Trust Financial Corp.
FARM,Farmer Bros Co
AEIS,Advanced Energy Industries Inc
SM,SM Energy Company
SF,Stifel Financial Corp.
IEP,Icahn Enterprises L.P
HSTM,HealthStream Inc
PIPR,Piper Sandler Companies
OII,Oceaneering International Inc.
YUMC,"Yum China Holdings, Inc. Common Stock"
NWE,"NorthWestern Energy Group, Inc. Common Stock"
HNRG,Hallador Energy Company
EVBN,Evans Bancorp Inc
BWBBP,"Bridgewater Bancshares, Inc. Depositary Shares, Each Representing a 1/100th Interest in a Share of 5.875% Non-Cumulative Perpetual Preferred Stock, Series A"
EOG,"EOG Resources, Inc."
HES,Hess Corporation
ENB,"Enbridge, Inc"
KRC,Kilroy Realty Corp.
OPXS,"Optex Systems Holdings, INC"
AEP,"American Electric Power Company, Inc."
BY,"Byline Bancorp, Inc. Common Stock"
CTSH,Cognizant Technology Solutions
HBB,Hamilton Beach Brands Holding Company Class A Common Stock
ZTS,ZOETIS INC.
HRTG,HERITAGE INSURANCE HOLDINGS INC
SYF,SYNCHRONY FINANCIAL
EQC,Equity Commonwealth
ROP,"Roper Technologies, Inc. Common Stock"
EMBC,Embecta Corp. Common Stock
UVV,Universal Corporation
KAMN,Kaman Corp
XHR,"Xenia Hotels & Resorts, Inc."
HURC,Hurco Cos Inc
PAA,"Plains All American Pipeline, L.P. Common Units representing Limited Partner Interests"
STWD,"STARWOOD PROPERTY TRUST, INC."
FHN,First Horizon Corporation
USB,U.S. Bancorp
VRE,"Veris Residential, Inc."
IGT,International Game Technology PLC
RGLD,Royal Gold Inc
AIP,"Arteris, Inc. Common Stock"
TFX,Teleflex Incorporated
RUSHA,Rush Enterprises Inc
CBAN,Colony Bankcorp Inc
IDA,"IDACORP, Inc."
DPZ,Domino's Pizza Inc.
FRD,"Friedman Industries, Inc"
AL,Air Lease Corporation
JBT,John Bean Technologies Corporation
GD,General Dynamics Corporation
NICK,Nicholas Financial Inc
STM,STMicroelectronics N.V.
MTN,"Vail Resorts, Inc."
FORR,Forrester Research Inc
AXL,"American Axle & Manufacturing Holdings, Inc."
AMCR,Amcor plc Ordinary Shares
EFX,"Equifax, Incorporated"
ETR,Entergy Corporation
NVGS,NAVIGATOR HOLDINGS LTD.
RBA,"RB Global, Inc."
EL,The Estee Lauder Companies Inc. Class A
COST,Costco Wholesale Corp
FNCB,FNCB Bancorp Inc. Common Stock
EBF,"Ennis, Inc."
HPP,"Hudson Pacific Properties, Inc."
SDHY,PGIM Short Duration High Yield Opportunities Fund
RILYN,"B. Riley Financial, Inc. 6.50% Senior Notes Due 2026"
HCI,"HCI Group, Inc."
IRMD,iRadimed Corporation
ROCK,"Gibraltar Industries, Inc."
HTLD,Heartland Express Inc
ORI,Old Republic International Corporation
ZBH,"Zimmer Biomet Holdings, Inc."
BHFAN,"Brighthouse Financial, Inc. Depositary shares, each representing a 1/1,000th interest in a share of 5.375% Non-Cumulative Preferred Stock, Series C"
FCPT,"Four Corners Property Trust, Inc."
STZ,"Constellation Brands, Inc."
FFBC,First Financial Bancorp
MRCC,Monroe Capital Corporation
WTRG,"Essential Utilities, Inc."
WHLR,"Wheeler Real Estate Investment Trust, Inc"
HWC,Hancock Whitney Corporation Common Stock
SPOK,"Spok Holdings, Inc"
LEG,"Leggett & Platt, Inc."
DALN,DallasNews Corporation Series A Common Stock
HTGC,"Hercules Capital, Inc."
XOM,Exxon Mobil Corporation
SAH,"Sonic Automotive, Inc."
EVRG,"Evergy, Inc."
BG,Bunge Global SA
K,Kellanova
Z,"Zillow Group, Inc. Class C Capital Stock"
HY,"HYSTER-YALE MATERIALS HANDLING, INC"
SD,"SandRidge Energy, Inc."
UCBI,United Community Banks Inc.
CLAR,Clarus Corporation Common Stock
NYT,New York Times Co.
AON,Aon plc Class A
CEI,"Camber Energy, Inc"
IPAR,Inter Parfums Inc
BRKR,Bruker Corporation
TCBC,"TC Bancshares, Inc. Common Stock"
RGR,"Sturm, Ruger & Company, Inc."
VMI,"Valmont Industries, Inc."
PSX,PHILLIPS 66
ADP,Automatic Data Processing
V,VISA Inc.
KLIC,Kulicke & Soffa Industries Inc
CASS,Cass Information Systems Inc
ESQ,"Esquire Financial Holdings, Inc. Common Stock"
NGVC,"NATURAL GROCERS BY VITAMIN COTTAGE, INC"
KAR,"OPENLANE, Inc"
BCML,BayCom Corp Common Stock
COFS,CHOICEONE FINANCIAL
PGC,Peapack-Gladstone Financial Corp
MKTX,MarketAxess Holdings Inc.
NTAP,"NetApp, Inc"
ATEN,A10 NETWORKS INC
UNTY,Unity Bancorp
MMA,Alta Global Group Limited
AWR,American States Water Company
JRVR,"James River Group Holdings, Ltd"
OPOF,Old Point Financial Corp
HAYN,"Haynes International, Inc."
PZZA,Papa John's International Inc
PRDO,Perdoceo Education Corporation
ASO,"Academy Sports and Outdoors, Inc."
MBINN,Merchants Bancorp Depositary Shares Preferred Series C
MANU,MANCHESTER UNITED PLC
SOHO,Sotherly Hotels Inc. Common Stock
NVAX,Novavax Inc
SBGI,"Sinclair, Inc. Class A Common Stock"
WWW,"Wolverine World Wide, Inc."
GOGL,Golden Ocean Group Limited Common Stock
JJSF,J&J Snack Foods Corp
IMPPP,Imperial Petroleum Inc. 8.75% Series A Cumulative Redeemable Perpetual Preferred Shares
AGX,"Argan, Inc"
MNSBP,"MainStreet Bancshares, Inc. Depositary Shares"
AFL,Aflac Inc.
SIG,Signet Jewelers Limited
MOV,"Movado Group, Inc."
FSP,Franklin Street Properties Corp
ACI,"Albertsons Companies, Inc."
HLNE,Hamilton Lane Incorporated Class A Common Stock
TKR,The Timken Company
SLE,"Super League Enterprise, Inc. Common Stock"
CW,Curtiss-Wright Corp.
RITM,Rithm Capital Corp.
WES,"Western Midstream Partners, LP"
RVTY,"Revvity, Inc."
PKG,Packaging Corp of America
CTVA,"Corteva, Inc. Common Stock"
DT,"Dynatrace, Inc."
SWX,"Southwest Gas Holdings, Inc."
AMGN,Amgen Inc
FMC,FMC Corporation
SSTK,"SHUTTERSTOCK, INC."
TRS,Trimas Corporation
PPBI,Pacific Premier Bancorp Inc
ROK,"Rockwell Automation, Inc."
SFL,SFL Corporation Ltd.
AMR,"Alpha Metallurgical Resources, Inc."
TPX,"TEMPUR SEALY INTERNATIONAL, INC."
DMRC,Digimarc Corporation
MFIC,MidCap Financial Investment Corporation Common Stock
MLI,"Mueller Industries, Inc."
PAAS,Pan American Silver Corp.
AIRC,Apartment Income REIT Corp.
CRBG,"Corebridge Financial, Inc."
HWBK,Hawthorn Bancshars Inc.
USLM,United States Lime & Minerals
PEB,Pebblebrook Hotel Trust
ORRF,Orrstown Financial Services Inc
OVBC,Ohio Valley Banc Corp
BDX,"Becton, Dickinson and Co."
CYD,China Yuchai International Ltd.
XPRO,Expro Group Holdings N.V.
WLYB,"John Wiley & Sons, Inc. Class B"
RNST,Renasant Corporation
BCC,Boise Cascade Company
NHTC,Natural Health Trends Corp.
AGO,"Assured Guaranty, LTD"
SIGA,SIGA Technologies Inc.
ZEUS,"Olympic Steel, Inc."
CXDO,CREXENDO INC
FLO,"Flowers Foods, Inc."
TTEC,"TTEC Holdings, Inc. Common Stock"
ENLC,"ENLINK MIDSTREAM, LLC"
GORO,Gold Resource Corporation
SBT,"Sterling Bancorp, Inc. Common Stock"
ADTN,"ADTRAN Holdings, Inc. Common Stock"
IMO,Imperial Oil Limited
KEY,KeyCorp
AAPL,Apple Inc.
NEWT,"NewtekOne, Inc. Common Stock"
CMS,CMS Energy Corporation
PEBK,Peoples Bancorp of North Carol
POWI,Power Integrations Inc
VLY,Valley National Bancorp
IOSP,Innospec Inc.
HBANM,Huntington Bancshares Incorporated Depositary Shares each representing a 1/1000th interest in a share of Huntington Series I Preferred Stock
EQ,"Equillium, Inc. Common Stock"
CPA,"Copa Holdings, S.A."
FSV,FirstService Corporation Common Shares
ASH,Ashland Inc.
FNF,"Fidelity National Financial, Inc."
RL,Ralph Lauren Corporation
ZWS,Zurn Elkay Water Solutions Corporation
GHC,GRAHAM HOLDINGS COMPANY
CRCT,"Cricut, Inc. Class A Common Stock"
OI,"O-I Glass, Inc."
CCJ,Cameco Corporation
RACE,Ferrari N.V.
MNDO,Mind CTI Ltd
OTEX,Open Text Corp
FCX,Freeport-McMoran Inc.
DINO,HF Sinclair Corporation
FTS,Fortis Inc. Common Shares
BHB,Bar Harbor Bankshares
CCL,Carnival Corporation
TBLD,Thornburg Income Builder Opportunities Trust Common Stock
NRP,Natural Resource Partners L.P.
ISTR,Investar Holding Corporation
GNK,GENCO SHIPPING & TRADING LTD
FLR,Fluor Corporation
DX,"Dynex Capital, Inc."
FIS,"Fidelity National Information Services, Inc."
AAN,"The Aaron's Company, Inc."
TRN,"Trinity Industries, Inc."
AIRS,"AirSculpt Technologies, Inc. Common Stock"
SAVE,"Spirit Airlines, Inc."
HHS,"Harte-Hanks, Inc. Common Stock"
CNQ,Canadian Natural Resources Limited
SIGI,Selective Insurance Group
CPZ,Calamos Long/Short Equity & Dynamic Income Trust Common Stock
CFFN,"Capitol Federal Financial, Inc."
GROW,US Global Investors Inc
OGS,"ONE GAS, INC."
CIVI,"Civitas Resources, Inc."
LXFR,Luxfer Holdings PLC Ordinary Shares
MSM,"MSC Industrial Direct Co., Inc. Class A"
CSWCZ,Capital Southwest Corporation 7.75% Notes due 2028
WFC,Wells Fargo & Co.
EGLE,Eagle Bulk Shipping Inc.
CMCSA,Comcast Corp
MVBF,MVB Financial Corp. Common Stock
ABT,Abbott Laboratories
ATLO,AMES National Corp
CZFS,"Citizens Financial Services, Inc. Common Stock"
ITT,ITT Inc.
AMKR,Amkor Technology Inc
AROC,Archrock Inc
STLA,Stellantis N.V.
APTV,Aptiv PLC
SCHW,The Charles Schwab Corporation
CLRO,"ClearOne, Inc. (DE) Common Stock"
PRME,"Prime Medicine, Inc. Common Stock"
KMT,Kennametal Inc.
NECB,"Northeast Community Bancorp, Inc."
EXR,"Extra Space Storage, Inc."
LLY,Eli Lilly & Co.
DNB,"Dun & Bradstreet Holdings, Inc."
PXD,Pioneer Natural Resource Co.
MHLD,Maiden Hldgs Ltd
UHS,"Universal Health Services, Inc. Class B"
AVB,"AvalonBay Communities, Inc."
SSD,"Simpson Manufacturing Co., Inc."
CSR,Centerspace
BX,Blackstone Inc.
OCC,Optical Cable Corp.
DEI,"Douglas Emmett, Inc."
MBINM,"Merchants Bancorp Depositary Shares, Each Representing a 1/40th Interest in a Share of 8.25% Fixed-Rate Reset Series D Non-Cumulative Perpetual Preferred Stock"
OPI,Office Properties Income Trust Common Shares of Beneficial Interest
DTM,"DT Midstream, Inc."
AEL,American Equity Investment Life Holding Company
WEYS,Weyco Group Inc
HCSG,Healthcare Services Group
WMB,Williams Companies Inc.
LAKE,Lakeland Industries Inc
VET,VERMILION ENERGY INC.
UG,"United-Guardian, Inc."
RILY,"B. RILEY FINANCIAL, INC."
EAT,"Brinker International, Inc."
NEE,"Nextra Energy, Inc."
FDP,Fresh Del Monte Produce Inc.
CWBC,Community West Bancshares Common Stock
DE,Deere & Company
RWAYL,Runway Growth Finance Corp. 7.50% Notes due 2027
STLD,Steel Dynamics Inc
PHX,PHX Minerals Inc.
SAFE,Safehold Inc.
AZ,A2Z Smart Technologies Corp. Common Shares
MKTW,"MarketWise, Inc. Class A Common Stock"
NSP,"Insperity, Inc"
RGC,Regencell Bioscience Holdings Limited Ordinary Shares
OXSQZ,Oxford Square Capital Corp. 6.25% Notes due 2026
REFI,"Chicago Atlantic Real Estate Finance, Inc. Common Stock"
ESGRP,Enstar Group Limited Depositary Shares Each Representing 1/1000th of an interest in Preference Shares
RAIL,"FreightCar America, Inc."
EFC,Ellington Financial Inc. Common Stock
SBRA,"Sabra Healthcare REIT, Inc."
MSFT,Microsoft Corp
WLK,Westlake Corporation
PAYX,Paychex Inc
GGG,Graco Inc
CRAI,"CRA International, Inc."
JILL,"J.Jill, Inc. Common Stock"
TLYS,Tilly's Inc.
GAIA,"Gaia, Inc. Class A Common Stock"
MSDL,Morgan Stanley Direct Lending Fund
AZZ,AZZ Inc.
DRS,"Leonardo DRS, Inc. Common Stock"
BCO,The Brink's Company
KOSS,Koss Corp
WHF,"WhiteHorse Finance, Inc."
ARR,"ARMOUR Residential REIT, Inc."
AAME,Atlantic American Corp
PTVE,Pactiv Evergreen Inc. Common stock
MATV,"Mativ Holdings, Inc."
KRO,"Kronos Worldwide, Inc."
NYMTZ,"New York Mortgage Trust, Inc. 7.000% Series G Cumulative Redeemable Preferred Stock, $0.01 par value per share"
BBY,"Best Buy Company, Inc."
GEL,"Genesis Energy, L.P."
ALK,"Alaska Air Group, Inc."
CP,Canadian Pacific Kansas City Limited
SAFT,Safety Insurance Group Inc
IAG,IAMGold Corporation
MWA,"Mueller Water Products, Inc."
CHY,Calamos Convertible and High Income Fund
PRPH,"ProPhase Labs, Inc. Common Stock (DE)"
HFWA,Heritage Financial Corp
IPW,"iPower, Inc. Common Stock"
GVA,Granite Construction Inc.
FRAF,Franklin Financial Services Corporation Common Stock
JRSH,"Jerash Holdings (US), Inc. Common Stock"
AME,"Ametek, Inc."
TSQ,"TOWNSQUARE MEDIA, INC."
LEN,Lennar Corporation Class A
INDB,Independent Bank Corp/MA
DOC,"Healthpeak Properties, Inc."
HBAN,Huntington Bancshares Inc
CAPL,CrossAmerica Partners LP Common units representing limited partner interests
THFF,First Financial Corp/Indiana
ABVC,"ABVC BioPharma, Inc. Common Stock"
SEE,Sealed Air Corp.
MATH,Metalpha Technology Holding Limited Ordinary Shares
RWT,"Redwood Trust, Inc."
VCTR,"Victory Capital Holdings, Inc. Class A Common Stock"
CCK,Crown Holdings Inc.
CETX,CEMTREX INC.
WAB,Wabtec Inc.
NVRI,Enviri Corporation
NAVI,Navient Corporation
METCB,"Ramaco Resources, Inc. Class B Common Stock"
ICMB,"Investcorp Credit Management BDC, Inc. Common Stock"
FL,"Foot Locker, Inc."
GE,GE Aerospace
HWKN,Hawkins Inc
TRP,TC Energy Corporation
SUPV,Grupo Supervielle S.A.
CAT,Caterpillar Inc.
SRL,Scully Royalty Ltd. Common Shares
EXPD,"Expeditors International of Washington, Inc."
DRH,DiamondRock Hospitality Company
NNN,"NNN REIT, Inc."
MRK,"Merck & Co., Inc."
WDC,Western Digital Corp.
BIG,"Big Lots, Inc."
ESNT,Essent Group LTD
FHI,"Federated Hermes, Inc."
BKR,Baker Hughes Company
TR,"Tootsie Roll Industries, Inc."
ANF,Abercrombie & Fitch Co.
T,AT&T Inc.
BMR,Beamr Imaging Ltd. Ordinary Share
PPL,PPL Corporation
TITN,Titan Machinery Inc.
ASC,ARDMORE SHIPPING CORPORATION
SII,Sprott Inc.
ELA,Envela Corporation
CLMB,"Climb Global Solutions, Inc. Common Stock"
MAN,ManpowerGroup
DDS,Dillards Inc.
CWCO,Consolidated Water Co Inc
FITB,Fifth Third Bancorp
HEES,"H&E Equipment Services, Inc."
XRAY,DENTSPLY SIRONA Inc.
JBSS,John B. Sanfilippo & SON
RFIL,RF Industries Ltd
FRST,Primis Financial Corp. Common Stock
ABR,"Arbor Realty Trust, Inc."
BBUC,Brookfield Business Corporation Class A Exchangeable Subordinate Voting Shares
NGL,NGL ENERGY PARTNERS LP
PMD,Psychemedics Corporation
ACRE,Ares Commercial Real Estate Corporation
ERIE,Erie Indemnity Co
PNFP,Pinnacle Financial Partners In
NTIP,"Network-1 Technologies, Inc."
VOYA,"VOYA FINANCIAL, INC."
ZGN,Ermenegildo Zegna N.V.
BMI,"Badger Meter, Inc."
FLIC,First of Long Island Corp/The
FUSB,"First US Bancshares, Inc. Common Stock"
MBCN,Middlefield Banc Corp.
NHI,National Health Investors
JACK,Jack in the Box Inc.
MO,"Altria Group, Inc."
GIS,"General Mills, Inc."
HPK,"HighPeak Energy, Inc. Common Stock"
WTS,"Watts Water Technologies, Inc. Class A"
HOLI,"Hollsys Automation Technologies INTERNATIONAL, LTD. COMMON (British Virgin Island)"
TAIT,Taitron Components Inc
CSL,"Carlisle Companies, Inc."
TDS,Telephone and Data Systems Inc.
HMN,Horace Mann Educators Corporation
SON,Sonoco Products Company
SMP,Standard Motor Products
AVD,American Vanguard Corporation
PHM,"Pultegroup, Inc."
ALEX,"Alexander & Baldwin, Inc."
SGU,"Star Group, L.P. Common Units Representing Limited Partner Interest"
CATO,CATO CORP
IMMR,Immersion Corp
HA,"Hawaiian Holdings, Inc."
ESEA,Euroseas Ltd.(Marshall Islands)
JPM,JPMorgan Chase & Co.
HXL,Hexcel Corporation
GLDD,Great Lakes Dredge & Dock Corporation
GROY,Gold Royalty Corp.
OSI,Osiris Acquisition Corp.
FMAO,"Farmers & Merchants Bancorp, Inc."
SMBC,Southern Missouri Bancorp
DTE,DTE Energy Company
EME,"EMCOR Group, Inc."
SVT,"Servotronics, Inc."
ADC,Agree Realty Corporation
BANF,Bancfirst Corp
FRME,First Merchants Corp
NYMT,"New York Mortgage Trust, Inc."
HVT,"Haverty Furniture Companies, Inc."
RHI,Robert Half Inc.
WELL,Welltower Inc.
FR,"First Industrial Realty Trust, Inc."
SRE,Sempra
ADNT,Adient plc Ordinary Shares
SFBC,"Sound Financial Bancorp, Inc."
WTBA,West Bancorporation
PBF,PBF ENERGY INC.
CFG,"Citizens Financial Group, Inc."
CAE,CAE INC
CRS,Carpenter Technology Corp
TAP,Molson Coors Beverage Company Class B
SOI,"Solaris Oilfield Infrastructure, Inc."
MTW,"The Manitowoc Company, Inc."
EARN,ELLINGTON RESIDENTIAL MORTGAGE REIT
CMA,Comerica Incorporated
TACT,Transact Technologies Inc
PII,Polaris Inc.
NYMTL,"New York Mortgage Trust, Inc. 6.875% Series F Fixed-to-Floating Rate Cumulative Redeemable Preferred Stock, $0.01 par value per share"
GCT,GigaCloud Technology Inc Class A Ordinary Shares
DKL,"DELEK LOGISTICS PARTNERS, LP"
DBRG,"DigitalBridge Group, Inc."
PETS,"PetMed Express, Inc."
ULH,"Universal Logistics Holdings, Inc. Common Stock"
ANTX,"AN2 Therapeutics, Inc. Common Stock"
COO,"The Cooper Companies, Inc. Common Stock"
PRGO,PERRIGO COMPANY PLC
COF,Capital One Financial
CARV,"Carver Bancorp, Inc."
LPX,Louisiana-Pacific Corp.
SEVN,Seven Hills Realty Trust Common Stock
SGC,"Superior Group of Companies, Inc. Common Stock"
NPO,Enpro Inc.
MTEX,Mannatech Inc.
NATL,NCR Atleos Corporation
FCNCA,First Citizens BancShares Inc
NNBR,NN Inc
VVI,Viad Corp
THO,"Thor Industries, Inc."
HLF,Herbalife Ltd.
AC,"Associated Capital Group, Inc."
CUZ,Cousins Properties Inc.
ESRT,"EMPIRE STATE REALTY TRUST, INC."
GPMT,Granite Point Mortgage Trust Inc. Common Stock
APOG,Apogee Enterprises Inc
UPBD,"Upbound Group, Inc. Common Stock"
ASRV,AmeriServ Financial Inc
AYI,"Acuity Brands, Inc."
ACM,Aecom
IRT,Independence Realty Trust Inc.
NXST,"Nexstar Media Group, Inc. Common Stock"
AAON,Aaon Inc
TRST,Trustco Bank Corp NY
ESAB,ESAB Corporation
MCY,Mercury General Corp.
EWCZ,"European Wax Center, Inc. Class A Common Stock"
ALNT,Allient Inc. Common Stock
LUMN,"Lumen Technologies, Inc."
PFSI,"PennyMac Financial Services, Inc. Common Stock"
RBCAA,Republic Bancorp Inc/KY
AAP,ADVANCE AUTO PARTS INC
GIPR,Generation Income Properties Inc. Common Stock
TSCO,Tractor Supply Co
INBK,First Internet Bancorp
SAMG,Silvercrest Asset Management Group Inc.
CPG,CRESCENT POINT ENERGY CORP.
CPB,Campbell Soup Company
CPHC,Canterbury Park Holding Corporation 'New' Common Stock
PARAA,Paramount Global Class A Common Stock
CSWC,Capital Southwest Corp
MRBK,Meridian Corporation
GLAD,Gladstone Capital Corp
HL,Hecla Mining Company
ALX,Alexander's Inc.
PRK,Park National Corporation
ACR,ACRES Commercial Realty Corp.
MDC,"M.D.C. Holdings, Inc."
UBFO,United Security Bancshares
PGRE,"PARAMOUNT GROUP, INC."
SBAC,SBA Communications Corp
KARO,Karooooo Ltd. Ordinary Shares
BGFV,Big 5 Sporting Goods Corp
CHRW,"C.H. Robinson Worldwide, Inc."
PWR,"Quanta Services, Inc."
KRT,Karat Packaging Inc. Common Stock
EPR,EPR Properties
FFIC,Flushing Financial Corp
GEG,"Great Elm Group, Inc. Common Stock"
PAX,Patria Investments Limited Class A Common Shares
MLM,Martin Marietta Materials
LAZ,"Lazard, Inc."
RCI,"Rogers Communications, Inc."
TIGO,Millicom International Cellular S.A. Common Stock
MPLX,MPLX LP
NVT,nVent Electric plc Ordinary Shares
PEBO,Peoples Bancorp Inc/OH
UPS,"United Parcel Service, Inc. Class B"
COTY,COTY INC
TTEK,Tetra Tech Inc
PEG,Public Service Enterprise Group Incorporated
WMT,Walmart Inc.
INTC,Intel Corp
CHK,Chesapeake Energy Corporation Common Stock
H,Hyatt Hotels Corporation
KOS,Kosmos Energy Ltd
GEO,"The GEO Group, Inc."
VBNK,VersaBank Common Shares
SBUX,Starbucks Corp
HAL,Halliburton Company
TGI,"Triumph Group, Inc."
FIX,"Comfort Systems USA, Inc."
ALV,"Autoliv, Inc."
ODP,The ODP Corporation Common Stock
LVWR,"LiveWire Group, Inc."
NRIM,Northrim BanCorp Inc
TFII,TFI International Inc.
GL,Globe Life Inc.
ICL,ICL Group Ltd.
STVN,Stevanato Group S.p.A.
LOB,"Live Oak Bancshares, Inc."
GTN,"Gray Television, Inc."
MODG,Topgolf Callaway Brands Corp.
CDP,COPT Defense Properties
OBDC,Blue Owl Capital Corporation
WABC,Westamerica Bancorporation
SLCA,"U.S. SILICA HOLDINGS, INC."
ALLY,Ally Financial Inc.
TT,Trane Technologies plc
VTR,"Ventas, Inc."
BCBP,BCB Bancorp Inc (NJ)
BIPC,Brookfield Infrastructure Corporation Class A Subordinate Voting Shares
GRNT,"Granite Ridge Resources, Inc."
FBMS,"First Bancshares, Inc."
FSBC,Five Star Bancorp Common Stock
NWN,Northwest Natural Holding Company
TPR,"Tapestry, Inc. Common Stock"
BAH,Booz Allen Hamilton Holding Corporation
BFS,"Saul Centers, Inc."
ZION,Zions Bancorporation N.A.
AHR,"American Healthcare REIT, Inc."
TGT,Target Corporation
RILYL,"B. Riley Financial, Inc. Depositary Shares each representing 1/1000th in a share of 7.375% Series B Cumulative Perpetual Preferred Stock, par value $0.0001"
BLK,"Blackrock, Inc."
KRNY,Kearny Financial Corporation
PVL,Permianville Royalty Trust
SITC,SITE Centers Corp. Common Shares
AWK,"American Water Works Company, Inc"
CHMI,CHERRY HILL MORTGAGE INVESTMENT CORPORATION
NRT,North European Oil Royalty Trust
RNGR,"Ranger Energy Services, Inc."
FOXA,Fox Corporation Class A Common Stock
LKFN,Lakeland Financial Corp
TRGP,Targa Resources Corp.
RSG,Republic Services Inc.
BPRN,"Princeton Bancorp, Inc. Common Stock (PA)"
NOA,North American Construction Group Ltd.
SWKHL,SWK Holdings Corporation 9.00% Senior Notes due 2027
APH,Amphenol Corporation
BALY,Bally's Corporation
EDUC,Educational Development Corp
BSIG,BrightSphere Investment Group Inc. Common Stock
EE,"Excelerate Energy, Inc."
BNL,"Broadstone Net Lease, Inc."
WMPN,William Penn Bancorporation Common Stock
DOX,Amdocs Limited
FBK,FB Financial Corporation
CXT,"Crane NXT, Co."
CATY,Cathay General Bancorp
MUR,Murphy Oil Corp.
DSGR,"Distribution Solutions Group, Inc. Common Stock"
DCI,"Donaldson Company, Inc."
MDLZ,"Mondelez International, Inc. Class A"
JNJ,Johnson & Johnson
CECO,Ceco Environmental Corp
SCI,Service Corporation International
OBE,Obsidian Energy Ltd.
TU,Telus Corporation
AGYS,"Agilysys, Inc. Common Stock (DE)"
CARE,"Carter Bankshares, Inc. Common Stock"
DCOM,"Dime Community Bancshares, Inc. Common Stock"
CKX,"CKX Lands, Inc."
AIZ,"Assurant, Inc."
AKR,Acadia Realty Trust
GRC,The Gorman-Rupp Company Common Shares
INSW,"International Seaways, Inc. Common Stock"
NWS,News Corporation Class B Common Stock
EQT,EQT CORP
BEPC,Brookfield Renewable Corporation Class A Subordinate Voting Shares
CME,CME Group Inc.
NXRT,NexPoint Residential Trust Inc
BAX,Baxter International Inc.
MAIN,Main Street Capital Corporation
EP,Empire Petroleum Corporation
GGE,Green Giant Inc. Common Stock
B,Barnes Group Inc.
FSFG,"First Savings Financial Group, Inc"
CG,The Carlyle Group Inc. Common Stock
ENTG,Entegris Inc
WM,"Waste Management, Inc."
WPM,Wheaton Precious Metals Corp. Common Stock
PDM,"Piedmont Office Realty Trust, Inc."
IHT,InnSuites Hospitality Trust
GDEN,"Golden Entertainment, Inc. Common Stock"
BANX,ArrowMark Financial Corp. Common Stock
LADR,LADDER CAPITAL CORP
NS,NuStar Energy L.P.
CNK,"Cinemark Holdings, Inc."
RRX,Regal Rexnord Corporation
WSM,"Williams-Sonoma, Inc."
NMM,Navios Maritime Partners L.P.
CNP,"CenterPoint Energy, Inc."
UNM,Unum Group
LVS,Las Vegas Sands Corp.
LINC,Lincoln Educational Services
MSGS,Madison Square Garden Sports Corp.
FFIN,First Financial Bankshares Inc
AXP,American Express Company
DO,"Diamond Offshore Drilling, Inc."
AMSF,"AMERISAFE, Inc."
SNA,Snap-on Incorporated
BXMT,"Blackstone Mortgage Trust, Inc. (NEW)"
KR,The Kroger Co.
UNH,UNITEDHEALTH GROUP INCORPORATED (Delaware)
JLL,"Jones Lang LaSalle, Inc."
CEG,Constellation Energy Corporation Common Stock
FBP,First BanCorp.
STNG,Scorpio Tankers Inc.
ATKR,Atkore Inc.
BARK,"BARK, Inc."
WHG,"WESTWOOD HOLDINGS GROUP, INC."
CTRN,"Citi Trends, Inc."
USAC,USA COMPRESSION PARTNERS LP
GNW,"Genworth Financial, Inc."
DCO,Ducommun Incorporated
SPNS,Sapiens International Corporation N.V. Common Shares (Cayman Islands)
LCNB,LCNB Corporation
ACCO,Acco Brands Corporation
IDR,"Idaho Strategic Resources, Inc."
FBNC,First Bancorp/NC
MBIN,Merchants Bancorp Common Stock
NFBK,"Northfield Bancorp, Inc."
MERC,Mercer International Inc
VIRC,Virco Mfg. Corporation
UE,UBRAN EDGE PROPERTIES
NLY,Annaly Capital Management. Inc.
BL,"BlackLine, Inc. Common Stock"
CZNC,Citizens & Northern Corporation
GECC,Great Elm Capital. Corp. Common Stock
ASTE,Astec Industries Inc
LNKB,"LINKBANCORP, Inc. Common Stock"
LNG,Cheniere Energy Inc
EFXT,Enerflex Ltd.
AJG,Arthur J. Gallagher & Co.
BAC,Bank of America Corporation
ETN,"Eaton Corporation, plc Ordinary Shares"
LKQ,LKQ Corporation
FTI,TechnipFMC plc Ordinary Share
MGA,Magna International
MBINO,Merchants Bancorp Depositary Shares Each Representing a 1/40th Interest in a Share of Series B Fixed-to-Floating Rate
TUSK,"Mammoth Energy Services, Inc. Common Stock"
EVA,Enviva Inc.
DG,Dollar General Corp.
DAN,Dana Incorporated
HCKT,Hackett Group Inc (The).
FNB,F.N.B. Corp
MCD,McDonald's Corporation
VRT,Vertiv Holdings Co Class A Common Stock
DGICB,Donegal Group Inc
WBD,"Warner Bros. Discovery, Inc. Series A Common Stock"
HSII,Heidrick & Struggles Inc
PFIS,Peoples Financial Services Corp.
CULP,"Culp, Inc."
MMI,MARCUS & MILLICHAP
BGS,"B&G Foods, Inc."
CPF,Central Pacific Financial Corporation
CVE,Cenovus Energy Inc.
MELI,"Mercado Libre, Inc"
GABC,"German American Bancorp, Inc."
VALU,Value Line Inc
CIX,Comp X International Inc.
SWI,SolarWinds Corporation Common Stock
ZIONL,"Zions Bancorporation, N.A. 6.95% Fixed-to-Floating Rate Subordinated Notes due September 15, 2028"
LYTS,LSI Industries Inc
BHFAO,"Brighthouse Financial, Inc. Depositary Shares 6.75% Non-Cum Pfd Series B"
OMI,"Owens & Minor, Inc."
WPC,W.P. Carey Inc. (REIT)
UBCP,United Bancorp Inc/OH
AIB,AIB Acquisition Corporation Class A Ordinary Shares
ECL,"Ecolab, Inc."
SASR,Sandy Spring Bancorp Inc
SMG,The Scotts Miracle-Gro Company
NVDA,Nvidia Corp
CF,"CF Industries Holding, Inc."
LXP,LXP Industrial Trust
TRINL,Trinity Capital Inc. 7.00% Notes Due 2025
CCG,Cheche Group Inc. Class A Ordinary Shares
ADI,"Analog Devices, Inc."
VVV,Valvoline Inc.
NUE,Nucor Corporation
VABK,Virginia National Bankshares Corporation Common Stock
EXPI,"eXp World Holdings, Inc. Common Stock"
CEIX,CONSOL Energy Inc.
DAC,Danaos Corporation
LEVI,Levi Strauss & Co. Class A Common Stock
PBA,PEMBINA PIPELINE CORPORATION
BCSF,"Bain Capital Specialty Finance, Inc."
ARE,"Alexandria Real Estate Equities, Inc."
COHN,Cohen & Company Inc
MSBI,"Midland States Bancorp, Inc. Common Stock"
ALB,Albemarle Corporation
KGC,Kinross Gold Corporation
MGYR,"Magyar Bancorp, Inc."
PLOW,"DOUGLAS DYNAMICS, INC."
GCI,"Gannett Co., Inc."
COLM,Columbia Sportswear Co
HD,"Home Depot, Inc."
ENSG,"The Ensign Group, Inc."
IROQ,"IF Bancorp, Inc."
WMG,Warner Music Group Corp. Class A Common Stock
PSEC,Prospect Capital Corporation
FDBC,"Fidelity D & D Bancorp, Inc. Common Stock"
HROWL,"Harrow, Inc. 8.625% Senior Notes due 2026"
AMG,Affiliated Managers Group
NOV,NOV Inc.
OFLX,"Omega Flex, Inc."
PSHG,Performance Shipping Inc. Common Shares
VRTS,"Virtus Investment Partners, Inc."
PRE,Prenetics Global Limited Class A Ordinary Share
CHH,Choice Hotels Intnl.
RILYZ,"B. Riley Financial, Inc. 5.25% Senior Notes due 2028"
FLXS,Flexsteel Industries
EBAY,eBay Inc
MMS,"MAXIMUS, Inc."
HRZN,Horizon Technology Finance Corporation
ITP,"IT Tech Packaging, Inc."
XRX,Xerox Holdings Corporation Common Stock
HIG,"The Hartford Financial Services Group, Inc."
BKH,Black Hills Corporation
KNTK,Kinetik Holdings Inc.
STEL,"Stellar Bancorp, Inc."
PRMW,Primo Water Corporation
TROX,TRONOX LIMITED CL A ORDINARY SHARES
TILE,Interface Inc
TECH,Bio-Techne Corp.
SPH,Suburban Propane Partners L P
TFSL,TFS Financial Corporation
VOC,VOC ENERGY TRUST
RVSB,Riverview Bancorp Inc
ACT,"Enact Holdings, Inc. Common Stock"
WCN,"Waste Connections, Inc."
JBHT,JB Hunt Transport Services Inc
UHT,Universal Health Realty Income Trust
HFBL,"Home Federal Bancorp, Inc. of Louisiana"
USEG,U.S. Energy Corp. Common Stock (DE)
F,Ford Motor Company
NEU,NewMarket Corporation
GAINZ,Gladstone Investment Corporation 4.875% Notes due 2028
NSC,Norfolk Southern Corp.
ISDR,Issuer Direct Corporation
HRL,Hormel Foods Corporation
IRDM,Iridium Communications Inc.
LRCX,Lam Research Corp
ESCA,Escalade Inc
CNOB,Center Bancorp Inc
MAA,"Mid-America Apartment Communities, Inc."
OGE,OGE Energy Corp.
SDA,SunCar Technology Group Inc. Class A Ordinary Shares
APLE,"Apple Hospitality REIT, Inc."
CHD,"Church & Dwight Co., Inc."
EBMT,"Eagle Bancorp Montana, Inc"
CMCL,Caledonia Mining Corporation Plc
DHT,"DHT HOLDINGS, INC."
HEI,HEICO Corporation
RRC,Range Resources Corp
LOAN,"Manhattan Bridge Capital, Inc"
STR,Sitio Royalties Corp.
BFST,"Business First Bancshares, Inc. Common Stock"
BSM,"Black Stone Minerals, L.P."
TDG,TransDigm Group Incorporated
ALGT,Allegiant Travel Company
SWKS,Skyworks Solutions Inc
RTX,RTX Corporation
SCS,"Steelcase, Inc."
RIG,Transocean LTD.
BANC,"Banc of California, Inc."
UNP,Union Pacific Corp.
HPQ,HP Inc.
MTA,Metalla Royalty & Streaming Ltd.
DWSN,Dawson Geophysical Company New Common Stock
BXSL,Blackstone Secured Lending Fund
HIW,Highwoods Properties Inc.
VST,Vistra Corp.
GRIN,Grindrod Shipping Holdings Ltd. Ordinary Shares
YOU,"Clear Secure, Inc."
WAL,Western Alliance Bancorporation
ROST,Ross Stores Inc
GLNG,Golar LNG Ltd
VINP,Vinci Partners Investments Ltd. Class A Common Shares
LSBK,"Lake Shore Bancorp, Inc."
FUN,"Cedar Fair, L.P."
SILC,Silicom Ltd
POWL,Powell Industries Inc
CHX,ChampionX Corporation
TIPT,Tiptree Inc. Common Stock
FGF,Fundamental Global Inc. Common Stock
PFX,PhenixFIN Corporation Common Stock
ARCH,"Arch Resources, Inc."
NBR,Nabors Industries Ltd.
CSCO,"Cisco Systems, Inc. Common Stock (DE)"
AAL,American Airlines Group Inc.
ABM,"ABM Industries, Inc."
NPK,"National Presto Industries, Inc."
GEN,Gen Digital Inc. Common Stock
IR,Ingersoll Rand Inc. Common Stock
CABO,"Cable One, Inc."
FIHL,Fidelis Insurance Holdings Limited
RILYT,"B. Riley Financial, Inc. 6.00% Senior Notes Due 2028"
TRAK,"ReposiTrak, Inc."
TOWN,Towne Bank
EIX,Edison International
KNSL,"Kinsale Capital Group, Inc."
KFY,Korn Ferry
LII,Lennox International Inc.
CM,Canadian Imperial Bank of Commerce
PSA,Public Storage
ELSE,Electro-Sensors Inc
ELTK,Eltek Ltd
AWH,Aspira Women's Health Inc. Common Stock
SMMF,"Summit Financial Group, Inc."
VSTS,Vestis Corporation
WWD,"Woodward, Inc."
OKE,"Oneok, Inc."
TFC,Truist Financial Corporation
STX,Seagate Technology Holdings PLC Ordinary Shares (Ireland)
INVH,Invitation Homes Inc. Common Stock
USCB,"USCB Financial Holdings, Inc. Class A Common Stock"
KMPR,Kemper Corporation
CVR,Chicago Rivet & Machine Co.
CNSL,"Consolidated Communications Holdings, Inc."
GOOD,Gladstone Commercial Corporation - REIT
STRA,"Strategic Education, Inc. Common Stock"
ALAB,"Astera Labs, Inc. Common Stock"
AA,Alcoa Corporation
CRM,"Salesforce, Inc."
ICFI,"ICF International, Inc."
CTRE,"CareTrust REIT, Inc"
AIN,Albany International Corp Class A
IFS,Intercorp Financial Services Inc.
D,"Dominion Energy, Inc."
SLM,SLM Corporation
AMPS,"Altus Power, Inc."
CFBK,CF Bankshares Inc. Common Stock
RGCO,RGC Resources Inc
SUN,SUNOCO L.P.
SNDR,"Schneider National, Inc."
PFLT,PennantPark Floating Rate Capital Ltd.
BRY,Berry Corporation (bry) Common Stock
FRBA,First Bank
PNR,Pentair plc
GBCI,Glacier Bancorp Inc
AGI,Alamos Gold Inc. Class A Common Shares
LANC,Lancaster Colony Corp
ETRN,Equitrans Midstream Corporation Common Stock
DGICA,Donegal Group Inc
BHLB,"Berkshire Hills Bancorp, Inc."
LAND,Gladstone Land Corporation
MSEX,Middlesex Water Co
CBNK,"Capital Bancorp, Inc."
IGIC,International General Insurance Holdings Ltd. Ordinary Share
UTI,"Universal Technical Institute, Inc."
HPE,Hewlett Packard Enterprise Company
GILD,Gilead Sciences Inc
FSI,"Flexible Solutions International, Inc."
BKTI,BK Technologies Corporation
SRCE,1st Source Corp
CTRA,Coterra Energy Inc.
A,Agilent Technologies Inc.
KFFB,Kentucky First Federal Bancorp
WYNN,Wynn Resorts Ltd
GPK,Graphic Packaging Holding Company
SAIC,Science Applications International Corporation Common Stock
GEF,"Greif, Inc."
SSRM,SSR Mining Inc.
SEM,SELECT MEDICAL HOLDINGS CORP
SHOO,Steven Madden Ltd
FMNB,Farmers National Banc Corp
TXRH,"Texas Roadhouse, Inc."
LTC,"LTC Properties, Inc."
CTHR,Charles & Colvard Ltd
SU,"Suncor Energy, Inc."
OHI,Omega Healthcare Investors Inc.
AUBN,Auburn National Bancorporation
EVR,Evercore Inc.
OXBR,Oxbridge Re Holdings Limited
GBLI,"Global Indemnity Group, LLC"
STAF,"Staffing 360 Solutions, Inc. Common Stock (DE)"
ORC,"Orchid Island Capital, Inc."
WSO.B,"Watsco, Inc. Class B"
GNL,"Global Net Lease, Inc."
NKSH,National Bankshares Inc/VA
NCL,Northann Corp.
OVLY,Oak Valley Bancorp
LYB,LyondellBasell Industries N.V. Class A
CNA,CNA Financial Corporation
RLJ,RLJ Lodging Trust
WSBC,WesBanco Inc
CLB,Core Laboratories Inc.
HNVR,"Hanover Bancorp, Inc. Common Stock"
XEL,"Xcel Energy, Inc."
UVE,"UNIVERSAL INSURANCE HLDG, INC."
MBWM,Mercantile Bank Corp
CCS,"CENTURY COMMUNITIES, INC."
IDCC,"InterDigital, Inc."
CBU,Community Bank System
EQBK,"Equity Bancshares, Inc."
KIM,Kimco Realty Corp.
SMLP,"Summit Midstream Partners, LP"
SBCF,Seacoast Banking Corp of Florida
JKHY,Henry (Jack) & Associates
HIBB,"Hibbett, Inc. Common Stock"
GEGGL,"Great Elm Group, Inc. 7.25% Notes due 2027"
ROIC,Retail Opportunity Investments Corp.
IMKTA,Ingles Markets Inc
HNI,HNI Corporation
ESE,"ESCO Technologies, Inc."
GPN,"Global Payments, Inc."
FUNC,First United Corp
HOFT,Hooker Furnishings Corporation Common Stock
QSR,Restaurant Brands International Inc.
CCD,Calamos Dynamic Convertible & Income Fund
VBTX,"Veritex Holdings, Inc."
GSL,"Global Ship Lease, Inc."
CTS,CTS Corporation
SCVL,Shoe Carnival Inc
KTB,"Kontoor Brands, Inc. Common Stock"
OBK,"Origin Bancorp, Inc."
FUL,H.B. Fuller Company
LW,"Lamb Weston Holdings, Inc."
PW,Power REIT
TRTX,"TPG RE Finance Trust, Inc. Common Stock"
PKE,Park Aerospace Corp. Common Stock
OXM,"Oxford Industries, Inc."
TGLS,Tecnoglass Inc.
NBTB,NBT Bancorp Inc
FGI,FGI Industries Ltd. Ordinary Shares
CARR,Carrier Global Corporation
PK,Park Hotels & Resorts Inc. Common Stock
WASH,Washington Trust Bancorp Inc
RILYK,"B. Riley Financial, Inc. 5.50% Senior Notes Due 2026"
ARI,"APOLLO COMMERCIAL REAL ESTATE FINANCE, INC."
WKC,World Kinect Corporation
ARMK,ARAMARK
SR,Spire Inc.
KSS,Kohls Corporation
VNO,Vornado Realty Trust
BHR,Braemar Hotels & Resorts Inc. Common Stock
TRX,TRX Gold Corporation
ZIM,ZIM Integrated Shipping Services Ltd.
AUB,Atlantic Union Bankshares Corporation
CION,CION Investment Corporation
EFSH,1847 Holdings LLC
DOUG,Douglas Elliman Inc.
SEIC,SEI Investments Co
CBRL,"Cracker Barrel Old Country Store, Inc,."
PROV,Provident Financial Hldgs
SACH,Sachem Capital Corp. Common Shares
TMO,"Thermo Fisher Scientific, Inc."
MKC,"McCormick & Company, Incorporated Non-VTG CS"
PLBC,Plumas Bancorp
GPS,"The Gap, Inc."
AVA,Avista Corporation
TPG,TPG Inc. Class A Common Stock
FLS,Flowserve Corporation
CSQ,Calamos Strategic Total Return Fund
TRNO,Terreno Realty Corporation
UBS,UBS Group AG
NMFC,NEW MOUNTAIN FINANCE CORPORATION
AGCO,AGCO Corporation
O,Realty Income Corporation
BYD,Boyd Gaming Corporation
FTV,Fortive Corporation
PCAR,Paccar Inc
ALOT,"AstroNova, Inc. Common Stock"
RC,Ready Capital Corporation
DAKT,Daktronics Inc
HCA,"HCA Healthcare, Inc."
LHX,"L3Harris Technologies, Inc."
VOXR,Vox Royalty Corp. Common Stock
AWI,"Armstrong World Industries, Inc."
DELL,Dell Technologies Inc.
BFH,"Bread Financial Holdings, Inc."
CBT,Cabot Corporation
SSNT,"SilverSun Technologies, Inc. Common Stock"
NJR,New Jersey Resources Corp
TPB,"Turning Point Brands, Inc."
MSCI,"MSCI, Inc."
HASI,HANNON ARMSTRONG SUSTAINABLE INFRASTRUCTURE CAPITAL INC
CNO,"CNO Financial Group, Inc."
IDT,IDT Corporation Class B
LMT,Lockheed Martin Corp.
GLT,Glatfelter Corporation
DOOO,BRP Inc. Common Subordinate Voting Shares
GPC,Genuine Parts Company
ROL,"Rollins, Inc."
MAS,Masco Corporation
ATGE,Adtalem Global Education Inc. Common Shares
POOL,Pool Corporation
SSBK,"Southern States Bancshares, Inc. Common"
IBKR,"Interactive Brokers Group, Inc. Class A Common Stock"
MTDR,MATADOR RESOURCES COMPANY
ESGL,ESGL Holdings Limited Ordinary Shares
BBWI,"Bath & Body Works, Inc."
EPM,Evolution Petroleum Corporation
CRWS,Crown Crafts Inc
ITRN,Ituran Location and Control Ltd.
NTB,The Bank of N.T. Butterfield & Son Limited
VLTO,Veralto Corporation
PDS,Precision Drilling Corporation
SQFT,"Presidio Property Trust, Inc. Class A Common Stock"
FAT,FAT Brands Inc. Class A Common Stock
VIA,"Via Renewables, Inc. Class A Common Stock"
SUP,"Superior Industries International, Inc."
CMI,Cummins Inc.
NVEI,Nuvei Corporation Subordinate Voting Shares
ITW,Illinois Tool Works Inc.
FELE,Franklin Electric Co Inc
MEOH,Methanex Corp
CRT,Cross Timbers Royalty Trust
SN,"SharkNinja, Inc."
BVFL,"BV Financial, Inc. Common Stock"
LUV,Southwest Airlines Co.
PSBD,Palmer Square Capital BDC Inc.
DB,Deutsche Bank Aktiengesellschaft
EDR,"Endeavor Group Holdings, Inc."
KAI,Kadant Inc.
CMTG,"Claros Mortgage Trust, Inc."
MYE,"Myers Industries, Inc."
SB,"Safe Bulkers, Inc."
CPK,Chesapeake Utilities
OMC,Omnicom Group Inc.
BBW,"Build-A-Bear Workshop, Inc."
PEGY,Pineapple Energy Inc. Common Stock
CBSH,Commerce Bancshares Inc
FCF,First Commonwealth Financial Corporation
PBHC,Pathfinder Bancorp Inc
AGM,Federal Agricultural Mortgage Corporation
RMD,ResMed Inc.
TJX,"TJX Companies, Inc. (The)"
BTE,Baytex Energy Corp.
AXS,Axis Capital Holders Limited
CAKE,Cheesecake Factory (The)
CGC,Canopy Growth Corporation Common Shares
MDRR,"Medalist Diversified REIT, Inc."
CAH,"Cardinal Health, Inc."
FAF,First American Financial Corporation
CLMT,"Calumet Specialty Products Partners, L.P."
NEN,New England Realty Associates Limited Partnership
STRW,"Strawberry Fields REIT, Inc."
TTC,Toro Company (The)
ARKR,Ark Restaurants Corp
HAO,Haoxi Health Technology Limited Class A Ordinary Shares
DIS,The Walt Disney Company
WTM,White Mountains Insurance Group Ltd.
SBFG,"SB Financial Group, Inc."
TNET,"TRINET GROUP, INC."
ZD,"Ziff Davis, Inc. Common Stock"
STI,"Solidion Technology, Inc. Common Stock"
MNSB,"MainStreet Bancshares, Inc. Common Stock"
TCPC,BlackRock TCP Capital Corp. Common Stock
TMP,Tompkins Financial Corporation
PNBK,Patriot National Bancorp Inc
PRIM,Primoris Services Corporation
BMO,Bank of Montreal
WFG,West Fraser Timber Co. Ltd
GAIN,Gladstone Investment Corporation
CR,Crane Company
CNOBP,"ConnectOne Bancorp, Inc. Depositary Shares, each representing a 1/40th interest in a share of 5.25% Fixed-Rate Reset Non-Cumulative Perpetual Preferred Stock, Series A"
BMY,Bristol-Myers Squibb Co.
WSBF,"Waterstone Financial, Inc."
AIG,"American International Group, Inc."
FATBB,FAT Brands Inc. Class B Common Stock
LSTR,Landstar System Inc
PAG,"Penske Automotive Group, Inc."
MC,MOELIS & COMPANY
PARA,Paramount Global Class B Common Stock
NWFL,Norwood Financial Corp
WEN,The Wendy's Company
AVNT,Avient Corporation
YHGJ,Yunhong Green CTI Ltd. Common Stock
DHCNL,Diversified Healthcare Trust 6.25% Senior Notes Due 2046
NOC,Northrop Grumman Corp.
PM,Philip Morris International Inc.
FBIZ,"First Business Financial Services, Inc."
LEE,"Lee Enterprises, Inc."
AMBP,Ardagh Metal Packaging S.A.
LIN,Linde plc Ordinary Share
AIV,Apartment Investment and Management Company
WS,"Worthington Steel, Inc."
AMBC,"Ambac Financial Group, Inc."
BSVN,Bank7 Corp. Common stock
SMID,Smith-Midland Corporation Common Stock
ORA,"Ormat Technologies, Inc."
USEA,United Maritime Corporation Common Stock
BERY,"Berry Global Group, Inc."
MEDS,"TRxADE HEALTH, Inc. Common Stock"
MED,"Medifast, Inc."
HQI,"HireQuest, Inc. Common Stock (DE)"
PD,"PagerDuty, Inc."
PSMT,Pricesmart Inc
SWK,"Stanley Black & Decker, Inc."
ATNI,"ATN International, Inc"
BHC,BauschHealthCompaniesInc.
BAM,Brookfield Asset Management Ltd.
MOS,The Mosaic Company
CURI,CuriosityStream Inc. Class A Common Stock
MT,ArcelorMittal
CADE,Cadence Bank
HUSA,Houston American Energy Corp
LARK,Landmark Bancorp Inc
NTR,Nutrien Ltd. Common Shares
PGR,Progressive Corporation
HII,"Huntington Ingalls Industries, Inc."
MPC,MARATHON PETROLEUM CORPORATION
ACU,Acme United Corporation
ETD,Ethan Allen Interiors Inc
FIP,FTAI Infrastructure Inc. Common Stock
GLW,Corning Incorporated
GBDC,"Golub Capital BDC, Inc."
KELYA,Kelly Services Inc
NKE,"Nike, Inc."
VSEC,VSE Corp
WY,Weyerhaeuser Company
SEB,Seaboard Corporation
BUSE,First Busey Corporation Class A Common Stock
VMC,Vulcan Materials Company(Holding Company)
TAST,"Carrols Restaurant Group, Inc."
TRIN,Trinity Capital Inc. Common Stock
VTRS,Viatris Inc. Common Stock
MRT,"Marti Technologies, Inc."
CWEN,"Clearway Energy, Inc. Class C Common Stock"
SSIC,Silver Spike Investment Corp. Common Stock
TRV,"The Travelers Companies, Inc."
BOH,Bank of Hawaii Corp.
HNNA,"Hennessy Advisors, Inc."
VHI,"Valhi, Inc."
CCI,Crown Castle Inc.
FHB,"First Hawaiian, Inc. Common Stock"
RICK,"RCI Hospitality Holdings, Inc."
PLTK,Playtika Holding Corp. Common Stock
ARHS,"Arhaus, Inc. Class A Common Stock"
COLB,Columbia Banking Systems Inc
MBI,MBIA Inc.
EQH,"Equitable Holdings, Inc."
GNTY,"Guaranty Bancshares, Inc."
JXN,Jackson Financial Inc.
RGA,"Reinsurance Group of America, Incorporated"
DGX,Quest Diagnostics Inc.
ELV,"Elevance Health, Inc."
GSBC,Great Southern Bancorp Inc
WMS,"ADVANCED DRAINAGE SYSTEMS, INC."
BBDC,"Barings BDC, Inc."
INN,"Summit Hotel Properties, Inc."
ES,Eversource Energy
TRMD,TORM plc Class A Common Stock
STC,Stewart Information Services Corporation
ARTW,Arts-Way Manufacturing Co Inc
OPY,"Oppenheimer Holdings, Inc."
BEAM,Beam Therapeutics Inc. Common Stock
GCMG,GCM Grosvenor Inc. Class A Common Stock
DRI,"Darden Restaurants, Inc."
CVLY,Codorus Valley Bancorp Inc
RYN,Rayonier Inc.
C,Citigroup Inc.
ARC,"ARC Document Solutions, Inc."
PNW,Pinnacle West Capital Corporation
OFG,OFG BANCORP
ESOA,Energy Services of America Corporation Common Stock
CALM,Cal-Maine Foods Inc
CLWT,Euro Tech Holdings Co Ltd. New
KWR,Quaker Houghton
INGR,Ingredion Incorporated
WOR,"Worthington Enterprises, Inc."
AIR,AAR Corp.
AGNCO,"AGNC Investment Corp. Depositary Shares, each representing a 1/1,000th interest in a share of 6.50% Series E Fixed-to-Floating Cumulative Redeemable Preferred Stock"
EQS,"Equus Total Return, Inc."
PNNT,Pennant Investment Corp
EGBN,Eagle Bancorp Inc
CE,Celanese Corporation Common Stock
DEC,Diversified Energy Company plc
HIHO,Highway Holdings Ltd
PJT,PJT Partners Inc.
CMRE,Costamare Inc.
COHU,Cohu Inc
MUX,McEwen Mining Inc.
BIP,Brookfield Infrastructure Partners L.P. Limited Partnership Units
BRX,BRIXMOR PROPERTY GROUP INC.
FBRT,"Franklin BSP Realty Trust, Inc."
PRG,"PROG Holdings, Inc."
BFIN,BankFinancial Corporation
TUP,Tupperware Brands Corporation
R,"Ryder System, Inc."
ACN,Accenture PLC
SKY,Skyline Champion Corporation Common Stock
SCCO,Southern Copper Corporation
AIRT,Air T Inc
NXT,Nextracker Inc. Class A Common Stock
UBSI,United Bankshares Inc
CTBI,Community Trust Bancorp Inc
GOLF,Acushnet Holdings Corp.
CMP,"Compass Minerals International, Inc."
PKOH,Park-Ohio Holdings Corp
HI,"Hillenbrand, Inc."
MMC,"Marsh & McLennan Companies, Inc."
JNPR,Juniper Networks Inc
NREF,"NexPoint Real Estate Finance, Inc."
ET,Energy Transfer LP Common Units representing limited partner interests
VICR,Vicor Corp
BOTJ,"Bank of the James Financial Group, Inc"
GIC,Global Industrial Company
TWIN,"Twin Disc, Incorporated"
META,"Meta Platforms, Inc. Class A Common Stock"
SWBI,"Smith & Wesson Brands, Inc. Common Stock"
MCHP,Microchip Technology Inc
BLX,"Banco Latinoamericano de Comercio Exterior, S.A"
HON,"Honeywell International, Inc."
RWAY,Runway Growth Finance Corp. Common Stock
MGM,MGM RESORTS INTERNATIONAL
CSTE,Caesarstone Ltd.
DIN,"Dine Brands Global, Inc."
WLKP,WESTLAKE CHEMICAL PARTNERS LP
PNC,PNC Financial Services Group
AJX,Great Ajax Corp.
TWI,"Titan International, Inc.(Delaware)"
SJT,San Juan Basin Royalty Trust UBI
MCBC,Macatawa Bank Corp
SHO,"Sunstone Hotel Investors, Inc."
ATO,Atmos Energy Corporation
EXPO,Exponent Inc
LAUR,"Laureate Education, Inc. Common Stock"
NWBI,"Northwest Bancshares, Inc"
FSCO,FS Credit Opportunities Corp.
TAC,TransAlta Corporation
ENS,"EnerSys, Inc."
AY,Atlantica Sustainable Infrastructure plc Ordinary Shares
WSO,"Watsco, Inc."
MMM,3M Company
MTX,Minerals Technologies Inc
CODI,Compass Diversified
TOL,"Toll Brothers, Inc."
CINF,Cincinnati Financial Corp
AMT,American Tower Corporation
ALTG,Alta Equipment Group Inc.
FNLC,"First Bancorp, Inc. (ME)"
MLKN,"MillerKnoll, Inc. Common Stock"
LEA,Lear Corporation
BPT,BP Prudhoe Bay Royalty Trust
CIM,Chimera Investment Corp.
ALCO,Alico Inc
KREF,KKR Real Estate Finance Trust Inc.
BDC,Belden Inc.
WSR,Whitestone REIT
GIFI,Gulf Island Fabrication Inc
AVY,Avery Dennison Corp.
M,Macy's Inc.
TECK,Teck Resources Limited
TPVG,TRIPLEPOINT VENTURE GROWTH BDC CORP.
PH,Parker-Hannifin Corporation
GOLD,Barrick Gold Corporation
RCKY,"Rocky Brands, Inc."
AVGO,Broadcom Inc. Common Stock
HOPE,"Hope Bancorp, Inc."
OLN,Olin Corp.
ALG,"Alamo Group, Inc."
RRR,"Red Rock Resorts, Inc. Class A Common Stock"
BELFA,Bel Fuse Inc
HLI,"Houlihan Lokey, Inc."
SPFI,"South Plains Financial, Inc. Common Stock"
WNC,Wabash National Corp.
FSK,FS KKR Capital Corp. Common Stock
HSON,"Hudson Global, Inc."
CI,The Cigna Group
PFE,Pfizer Inc.
USPH,US Physical Therapy Inc
GILT,Gilat Satellite Networks Ltd
MPX,Marine Products Corp.
OSBC,Old Second Bancorp Inc
BPYPO,"Brookfield Property Partners L.P. 6.375% Class A Cumulative Redeemable Perpetual Preferred Units, Series 2"
UTZ,"Utz Brands, Inc."
FLNG,FLEX LNG Ltd. Ordinary Shares
CMT,"Core Molding Technologies, Inc."
SIEB,Siebert Financial Corp
WRB,W.R. Berkley Corporation
BFC,Bank First Corporation Common Stock
EPSN,Epsilon Energy Ltd.
RYI,RYERSON HOLDING CORPORATION
MCO,Moody's Corporation
WH,"Wyndham Hotels & Resorts, Inc. Common Stock"
ACGLN,"Arch Capital Group Ltd. Depositary Shares, each Representing a 1/1,000th Interest in a 4.550% Non-Cumulative Preferred Share, Series G"
CHCT,"Community Healthcare Trust Incorporated Common Stock, $0.01 par value per share"
DRVN,Driven Brands Holdings Inc. Common Stock
NYC,American Strategic Investment Co.
PAYC,"PAYCOM SOFTWARE, INC."
MU,"Micron Technology, Inc."
ONBPO,"Old National Bancorp Depositary Shares, Each Representing a 1/40th Interest in a Share of Series C Preferred Stock"
WERN,Werner Enterprises Inc
PFG,"Principal Financial Group, Inc."
GSBD,"Goldman Sachs BDC, Inc."
FOA,Finance of America Companies Inc.
LOGI,Logitech International SA
PLAY,"Dave & Buster's Entertainment, Inc."
STE,STERIS plc
PLD,"PROLOGIS, INC."
ESI,Element Solutions Inc.
AMRK,"A-Mark Precious Metals, Inc."
MMV,MultiMetaVerse Holdings Limited Class A Ordinary Share
NTIC,Northern Technologies International Corp.
CQP,"Cheniere Energy Partners, LP"
UVSP,Univest Financial Corporation Common Stock
RDUS,"Radius Recycling, Inc. Class A Common Stock"
AORT,"Artivion, Inc."
WILC,G Willi-Food International Ltd
NYCB,"New York Community Bancorp, Inc."
CCOI,"Cogent Communications Holdings, Inc."
HRB,"H&R Block, Inc."
PVBC,"Provident Bancorp, Inc. (MD) Common Stock"
GPI,"Group 1 Automotive, Inc."
COKE,"Coca-Cola Consolidated, Inc. Common Stock"
GYRE,"Gyre Therapeutics, Inc. Common Stock"
OTIS,Otis Worldwide Corporation
PAGP,"Plains GP Holdings, L.P. Class A Units representing Limited Partner Interests"
RPRX,Royalty Pharma plc Class A Ordinary Shares
AGL,"agilon health, inc."
NIC,"Nicolet Bankshares,Inc."
LMNR,Limoneira Co
DSWL,Deswell Industries Inc
RGP,Resources Connection
PBT,Permian Basin Royalty Trust
NL,"NL Industries, Inc."
FRMEP,First Merchants Corporation Depository Shares
WLY,"John Wiley & Sons, Inc. Class A"
MIND,"MIND Technology, Inc. Common Stock (DE)"
CHMG,Chemung Financial Corp
QLI,Qilian International Holding Group Ltd. Ordinary Shares
OZK,Bank OZK
ALLE,Allegion Public Limited Company
MDU,"MDU Resources Group, Inc."
NRC,National Research Corporation Common Stock (Delaware)
TRI,Thomson Reuters Corporation
KRP,"Kimbell Royalty Partners, LP Common Units representing Limited Partner Interests"
MCK,McKesson Corporation
VERU,Veru Inc.
VNOM,"Viper Energy, Inc. Class A Common Stock"
CNXN,PC Connection Inc
DAL,"Delta Air Lines, Inc."
CMTL,Comtech Telecommunications
BTU,Peabody Energy Corporation
IEX,IDEX Corporation
MGIC,Magic Software Enterprises Ltd
TRML,"Tourmaline Bio, Inc. Common Stock"
PFBC,Preferred Bank
AMLX,"Amylyx Pharmaceuticals, Inc. Common Stock"
ANDE,Andersons Inc/The
TW,Tradeweb Markets Inc. Class A Common Stock
NBHC,NATIONAL BANK HOLDINGS CORP.
CRK,"Comstock Resources, Inc."
MSB,Mesabi Trust
SIRI,"Sirius XM Holdings,  Inc"
ITIC,Investors Title Co
NBN,Northeast Bank Common Stock
FANG,"Diamondback Energy, Inc."
VTS,"Vitesse Energy, Inc.."
BK,Bank of New York Mellon Corporation
CNDA,Concord Acquisition Corp II
CLPR,Clipper Realty Inc. Common Stock
RS,"Reliance, Inc."
YORW,York Water Co
RGS,Regis Corporation
PWOD,Penns Woods Bancorp Inc
ARLP,Alliance Resource Partners LP
KGS,"Kodiak Gas Services, Inc."
ELS,"Equity Lifestyle Properties, Inc."
KEN,KENON HOLDINGS LTD.
BUR,Burford Capital Limited
TG,Tredegar Corporation
BHRB,Burke & Herbert Financial Services Corp. Common Stock
BANR,Banner Corp.
HUBB,Hubbell Incorporated
BRO,"Brown & Brown, Inc."
CIVB,"Civista Bancshares, Inc."
MCRI,Monarch Casino & Resort Inc
EVC,Entravision Communication
BTG,B2Gold Corp.
CB,Chubb Limited
PCH,PotlatchDeltic Corporation Common Stock
LNT,Alliant Energy Corporation Common Stock
CIGI,Colliers International Group Inc. Subordinate Voting Shares
PLYM,"Plymouth Industrial REIT, Inc."
NWSA,News Corporation Class A Common Stock
CGAU,Centerra Gold Inc.
NRG,"NRG Energy, Inc."
RUSHB,Rush Enterprises Inc
FG,"F&G Annuities & Life, Inc."
NHC,National Healthcare Corp.
OP,OceanPal Inc. Common Stock
LNN,Lindsay Corporation
MGPI,MGP Ingredients Inc
EGO,Eldorado Gold Corporation
SYPR,Sypris Solutions Inc
RYAN,"Ryan Specialty Holdings, Inc."
CAMT,Camtek Ltd
FXNC,FIRST NATL CORP STRASBURG VA
UFCS,United Fire Group Inc.
TXN,Texas Instruments Incorporated
CVBF,CVB Financial Corp
GLBS,Globus Maritime Limited
MTRN,Materion Corporation
HBT,"HBT Financial, Inc. Common Stock"
SNV,Synovus Financial
APD,"Air Products & Chemicals, Inc."
INVA,"Innoviva, Inc. Common Stock"
EAF,GrafTech International Ltd.
DEA,"Easterly Government Properties, Inc."
BKU,"Bankunited, Inc."
SUI,"Sun Communities, Inc"
UWMC,UWM Holdings Corporation
UHAL,U-Haul Holding Company
PMTS,CPI Card Group Inc. Common Stock
PMT,PennyMac Mortgage Investment Trust
DLB,"Dolby Laboratories, Inc.Class A"
ST,Sensata Technologies Holding plc
BOOT,"Boot Barn Holdings, Inc."
MPB,"Mid Penn Bancorp, Inc."
WT,"WisdomTree, Inc."
HBI,"Hanesbrands, Inc."
CVI,"CVR ENERGY, INC."
GM,General Motors Company
MAT,"Mattel, Inc."
IVT,InvenTrust Properties Corp.
BWMX,"Betterware de Mexico, S.A.P.I. de C.V. Ordinary Shares"
SLF,Sun Life Financial Inc.
MAR,Marriot International Class A Common Stock
MUSA,MURPHY USA INC.
FGBI,FIRST GUARANTY BANCSHARES INC
BAFN,BayFirst Financial Corp. Common Stock
CC,The Chemours Company
UFPI,"UFP Industries, Inc. Common Stock"
SLGN,Silgan Holdings Inc
ABBV,ABBVIE INC.
EG,"Everest Group, Ltd."
DFS,Discover Financial Services
CTAS,Cintas Corp
KALU,Kaiser Aluminum Corporation
ACNT,Ascent Industries Co. Common Stock
UAN,"CVR Partners, LP"
VGR,Vector Group Ltd.
WEC,"WEC Energy Group, Inc."
SSNC,SS&C Technologies Inc
AG,FIRST MAJESTIC SILVER CORP
LFUS,Littelfuse Inc
CVX,Chevron Corporation
WHR,Whirlpool Corp.
BPOP,Popular Inc
UGI,UGI Corporation
MITT,"AG MORTGAGE INVESTMENT TRUST, INC."
BLMN,"Bloomin' Brands, Inc. Common Stock"
SYY,Sysco Corporation
HST,"Host Hotels & Resorts, Inc."
UDR,"UDR, Inc."
MTR,Mesa Royalty Trust
OFS,OFS Capital Corporation
NXPI,NXP Semiconductors N.V.
GRMN,Garmin Ltd
MPWR,"Monolithic Power Systems, Inc."
SXI,Standex International Corporation
PG,Procter & Gamble Company
CPLP,Capital Product Partners L.P.
MDV,"Modiv Industrial, Inc."
JSM,"Navient Corporation 6% Senior Notes due December 15, 2043"
STN,"Stantec, Inc."
OSG,Overseas Shipholding Group Inc.
LECO,Lincoln Electric Holdings Inc
BDN,Brandywine Realty Trust
LFVN,Lifevantage Corporation Common Stock (Delaware)
HTBI,"HomeTrust Bancshares, Inc. Common Stock"
ODC,Oil-Dri Corporation of America
KO,Coca-Cola Company
SABR,Sabre Corporation
TNK,Teekay Tankers Ltd.
PEP,"PepsiCo, Inc."
WU,The Western Union Company
GP,GreenPower Motor Company Inc. Common Shares
PRGS,Progress Software Corp (DE)
FE,FirstEnergy Corp.
CNI,Canadian National Railway
MPW,Medical Properties Trust
UNIT,Uniti Group Inc. Common Stock
FA,First Advantage Corporation Common Stock
ADEA,Adeia Inc. Common Stock
VSH,"Vishay Intertechnology, Inc."
KFRC,kforce Inc
LH,Laboratory Corporation of America Holdings
BMRC,Bank of Marin Bancorp
UNF,Unifirst Corp
SCX,The L.S. Starrett Company
LBAI,Lakeland Bancorp Inc
VLGEA,Village Super Market
CHI,Calamos Convertible Opportunities and Income Fund
GWRS,"Global Water Resources, Inc."
RF,Regions Financial Corp.
CWH,"Camping World Holdings, Inc."
AIRI,Air Industries Group
NAT,Nordic American Tanker
BEN,"Franklin Resources, Inc."
CNX,CNX Resources Corporation
CULL,Cullman Bancorp Inc.
CASY,Casey's General Stores Inc
ARKO,ARKO Corp. Common Stock
HE,"Hawaiian Electric Industries, Inc."
TOPS,"TOP Ships, Inc."
AZTA,"Azenta, Inc."
MS,Morgan Stanley
STT,State Street Corporation
MA,Mastercard Incorporated
PDCO,"Patterson Companies, Inc."
BSY,"Bentley Systems, Incorporated Class B Common Stock"
STRT,Strattec Security Corp
IVR,Invesco Mortgage Capital Inc.
FDUS,Fidus Investment Corp.
GWW,"W.W. Grainger, Inc."
RM,REGIONAL MANAGEMENT CORP
MGY,Magnolia Oil & Gas Corporation Class A Common Stock
AB,"AllianceBernstein Holding, L.P."
BOOM,DMC Global Inc. Common Stock
QCRH,QCR Holdings Inc
OEC,Orion S.A.
CAC,Camden National Corporation
LNC,Lincoln National Corp.
RLI,RLI Corp.
BOX,"BOX, INC."
VAC,MARRIOTT VACATIONS WORLDWIDE CORPORATION
MKSI,MKS Instruments Inc
ERF,Enerplus Corporation
HSY,The Hershey Company
FEIM,"Frequency Electronics, Inc."
POR,Portland General Electric Company
FBIN,"Fortune Brands Innovations, Inc."
SBR,Sabine Royalty Trust
NEP,"NextEra Energy Partners, LP"
DVN,Devon Energy Corporation
OCFC,OceanFirst Financial Corp
CNMD,CONMED Corporation
BN,Brookfield Corporation
HRI,Herc Holdings Inc.
PNM,"PNM Resources, Inc."
CRGY,Crescent Energy Company
FWRD,Forward Air Corp
TNL,Travel + Leisure Co.
FULT,Fulton Financial Corp
MSI,"Motorola Solutions, Inc. New"
HBM,Hudbay Minerals Inc.
FCBC,"First Community Bankshares, Inc. (VA)"
AAR,Amr Corp
ACGL,Arch Capital Group Ltd.
AFA,American Financial Group Inc
AFE,American Financial Group Inc
AFF,American International Group Inc
AFM,Affiliated Managers Group Inc.
AFM.CL,Affiliated Managers Group Inc.
AMJ,Jpmorgan Chase & Co
ANTM,Anthem Inc.
ARQL,Pfizer Inc
BARI,Lake Shore Bancorp Inc.
BBLU,Staffing 360 Solutions Inc.
BF.A,Brown Forman Corp
BHF,Brighthouse Financial Inc.
BMTC,Fulton Financial Corp
BSA,Brightsphere Investment Group Inc.
BWB,Bridgewater Bancshares Inc
CMSA,Cms Energy Corp
CSSE,Chicken Soup For The Soul Entertainment Inc.
CUK,Carnival Plc
DHC,Diversified Healthcare Trust
DTB,Dte Energy Co
EZT,Entergy Texas Inc.
ELC,Entergy Louisiana Llc
EAA,Entergy Arkansas Inc
EHA,Entergy Arkansas Inc
SCEpB,Southern California Edison Co
ESGR,Enstar Group Ltd
EZM,Wisdomtree Inc.
GPEpA,Alabama Power Co
GAT,Alabama Power Co
GAR.CL,Alabama Power Co
GAR,Alabama Power Co
GAH,Alabama Power Co
GREE,Greenidge Generation Holdings Inc.
HCXY,Hercules Capital Inc.
HROW,Harrow Health Inc.
IO,Sinclair Broadcast Group Inc
IPLpD,Wisconsin Power & Light Co
IPLpB,Interstate Power & Light Co
ISM,Navient Corp
EELV,Invesco Ltd.
BKLN,Invesco Ltd.
KEM,Signet Jewelers Ltd
KMPB,Kemper Corp
KMPA,Kemper Corp
FBN,Masco Corp /de/
MHLA,Maiden Holdings Ltd.
NTRI,Nutri System Inc /de/
PE.PRAC,Exelon Generation Co Llc
PEpA,Exelon Generation Co Llc
PFH,Prudential Financial Inc
PJH,Prudential Financial Inc
PFK,Prudential Financial Inc
PHA,Pultegroup Inc/mi/
RJD,Raymond James Financial Inc
RIVE,Riverview Bancorp Inc
SACC,Sachem Capital Corp.
SAJ,Saratoga Investment Corp.
SGZA,Selective Insurance Group Inc
SGZ,Selective Insurance Group Inc
SWJ,Stanley Black & Decker Inc.
SWH,Stanley Black & Decker Inc.
VERT.U,Vertiv Holdings Co
VPGw,Vishay Intertechnology Inc
DYNC,Vistra Energy Corp.
XCJ,Xcel Energy Inc
XOMA,Xoma Corp
ZBK,Zions Bancorporation National Association /ut/
ZBpC,Zions Bancorporation /ut/